This is XeTeX, Version 3.14159265-2.6-0.999991 (TeX Live 2019/Debian) (preloaded format=xelatex 2024.9.16)  10 MAR 2026 22:01
entering extended mode
 restricted \write18 enabled.
 %&-line parsing enabled.
**book.tex
(./book.tex
LaTeX2e <2020-02-02> patch level 2
L3 programming layer <2020-02-14> (./jupyterBook.cls
Document Class: jupyterBook 2020/11/06
(/usr/share/texlive/texmf-dist/tex/latex/xcolor/xcolor.sty
Package: xcolor 2016/05/11 v2.12 LaTeX color extensions (UK)

(/usr/share/texlive/texmf-dist/tex/latex/graphics-cfg/color.cfg
File: color.cfg 2016/01/02 v1.6 sample color configuration
)
Package xcolor Info: Driver file: xetex.def on input line 225.

(/usr/share/texlive/texmf-dist/tex/latex/graphics-def/xetex.def
File: xetex.def 2017/06/24 v5.0h Graphics/color driver for xetex
)
Package xcolor Info: Model `cmy' substituted by `cmy0' on input line 1348.
Package xcolor Info: Model `RGB' extended on input line 1364.
Package xcolor Info: Model `HTML' substituted by `rgb' on input line 1366.
Package xcolor Info: Model `Hsb' substituted by `hsb' on input line 1367.
Package xcolor Info: Model `tHsb' substituted by `hsb' on input line 1368.
Package xcolor Info: Model `HSB' substituted by `hsb' on input line 1369.
Package xcolor Info: Model `Gray' substituted by `gray' on input line 1370.
Package xcolor Info: Model `wave' substituted by `hsb' on input line 1371.
)
(/usr/share/texlive/texmf-dist/tex/latex/base/inputenc.sty
Package: inputenc 2018/08/11 v1.3c Input encoding file
\inpenc@prehook=\toks14
\inpenc@posthook=\toks15


Package inputenc Warning: inputenc package ignored with utf8 based engines.

) (/usr/share/texlive/texmf-dist/tex/latex/graphics/graphicx.sty
Package: graphicx 2019/11/30 v1.2a Enhanced LaTeX Graphics (DPC,SPQR)

(/usr/share/texlive/texmf-dist/tex/latex/graphics/keyval.sty
Package: keyval 2014/10/28 v1.15 key=value parser (DPC)
\KV@toks@=\toks16
)
(/usr/share/texlive/texmf-dist/tex/latex/graphics/graphics.sty
Package: graphics 2019/11/30 v1.4a Standard LaTeX Graphics (DPC,SPQR)

(/usr/share/texlive/texmf-dist/tex/latex/graphics/trig.sty
Package: trig 2016/01/03 v1.10 sin cos tan (DPC)
)
(/usr/share/texlive/texmf-dist/tex/latex/graphics-cfg/graphics.cfg
File: graphics.cfg 2016/06/04 v1.11 sample graphics configuration
)
Package graphics Info: Driver file: xetex.def on input line 105.
)
\Gin@req@height=\dimen134
\Gin@req@width=\dimen135
)
(/usr/share/texlive/texmf-dist/tex/latex/amsmath/amsmath.sty
Package: amsmath 2020/01/20 v2.17e AMS math features
\@mathmargin=\skip47

For additional information on amsmath, use the `?' option.
(/usr/share/texlive/texmf-dist/tex/latex/amsmath/amstext.sty
Package: amstext 2000/06/29 v2.01 AMS text

(/usr/share/texlive/texmf-dist/tex/latex/amsmath/amsgen.sty
File: amsgen.sty 1999/11/30 v2.0 generic functions
\@emptytoks=\toks17
\ex@=\dimen136
))
(/usr/share/texlive/texmf-dist/tex/latex/amsmath/amsbsy.sty
Package: amsbsy 1999/11/29 v1.2d Bold Symbols
\pmbraise@=\dimen137
)
(/usr/share/texlive/texmf-dist/tex/latex/amsmath/amsopn.sty
Package: amsopn 2016/03/08 v2.02 operator names
)
\inf@bad=\count163
LaTeX Info: Redefining \frac on input line 227.
\uproot@=\count164
\leftroot@=\count165
LaTeX Info: Redefining \overline on input line 389.
\classnum@=\count166
\DOTSCASE@=\count167
LaTeX Info: Redefining \ldots on input line 486.
LaTeX Info: Redefining \dots on input line 489.
LaTeX Info: Redefining \cdots on input line 610.
\Mathstrutbox@=\box45
\strutbox@=\box46
\big@size=\dimen138
LaTeX Font Info:    Redeclaring font encoding OML on input line 733.
LaTeX Font Info:    Redeclaring font encoding OMS on input line 734.
\macc@depth=\count168
\c@MaxMatrixCols=\count169
\dotsspace@=\muskip16
\c@parentequation=\count170
\dspbrk@lvl=\count171
\tag@help=\toks18
\row@=\count172
\column@=\count173
\maxfields@=\count174
\andhelp@=\toks19
\eqnshift@=\dimen139
\alignsep@=\dimen140
\tagshift@=\dimen141
\tagwidth@=\dimen142
\totwidth@=\dimen143
\lineht@=\dimen144
\@envbody=\toks20
\multlinegap=\skip48
\multlinetaggap=\skip49
\mathdisplay@stack=\toks21
LaTeX Info: Redefining \[ on input line 2859.
LaTeX Info: Redefining \] on input line 2860.
)
(/usr/share/texlive/texmf-dist/tex/latex/amsfonts/amssymb.sty
Package: amssymb 2013/01/14 v3.01 AMS font symbols

(/usr/share/texlive/texmf-dist/tex/latex/amsfonts/amsfonts.sty
Package: amsfonts 2013/01/14 v3.01 Basic AMSFonts support
\symAMSa=\mathgroup4
\symAMSb=\mathgroup5
LaTeX Font Info:    Redeclaring math symbol \hbar on input line 98.
LaTeX Font Info:    Overwriting math alphabet `\mathfrak' in version `bold'
(Font)                  U/euf/m/n --> U/euf/b/n on input line 106.
))
(/usr/share/texlive/texmf-dist/tex/latex/amsmath/amscd.sty
Package: amscd 2017/04/14 v2.1 AMS Commutative Diagrams
\athelp@=\toks22
\minaw@=\dimen145
\bigaw@=\dimen146
\minCDarrowwidth=\dimen147
)
(/usr/share/texlive/texmf-dist/tex/latex/jknapltx/mathrsfs.sty
Package: mathrsfs 1996/01/01 Math RSFS package v1.0 (jk)
\symrsfs=\mathgroup6
)
(/usr/share/texlive/texmf-dist/tex/latex/pgf/frontendlayer/tikz.sty
(/usr/share/texlive/texmf-dist/tex/latex/pgf/basiclayer/pgf.sty
(/usr/share/texlive/texmf-dist/tex/latex/pgf/utilities/pgfrcs.sty
(/usr/share/texlive/texmf-dist/tex/generic/pgf/utilities/pgfutil-common.tex
\pgfutil@everybye=\toks23
\pgfutil@tempdima=\dimen148
\pgfutil@tempdimb=\dimen149

(/usr/share/texlive/texmf-dist/tex/generic/pgf/utilities/pgfutil-common-lists.t
ex)) (/usr/share/texlive/texmf-dist/tex/generic/pgf/utilities/pgfutil-latex.def
\pgfutil@abb=\box47
(/usr/share/texlive/texmf-dist/tex/latex/ms/everyshi.sty
Package: everyshi 2001/05/15 v3.00 EveryShipout Package (MS)
))
(/usr/share/texlive/texmf-dist/tex/generic/pgf/utilities/pgfrcs.code.tex
(/usr/share/texlive/texmf-dist/tex/generic/pgf/pgf.revision.tex)
Package: pgfrcs 2020/01/08 v3.1.5b (3.1.5b)
))
Package: pgf 2020/01/08 v3.1.5b (3.1.5b)

(/usr/share/texlive/texmf-dist/tex/latex/pgf/basiclayer/pgfcore.sty
(/usr/share/texlive/texmf-dist/tex/latex/pgf/systemlayer/pgfsys.sty
(/usr/share/texlive/texmf-dist/tex/generic/pgf/systemlayer/pgfsys.code.tex
Package: pgfsys 2020/01/08 v3.1.5b (3.1.5b)

(/usr/share/texlive/texmf-dist/tex/generic/pgf/utilities/pgfkeys.code.tex
\pgfkeys@pathtoks=\toks24
\pgfkeys@temptoks=\toks25

(/usr/share/texlive/texmf-dist/tex/generic/pgf/utilities/pgfkeysfiltered.code.t
ex
\pgfkeys@tmptoks=\toks26
))
\pgf@x=\dimen150
\pgf@y=\dimen151
\pgf@xa=\dimen152
\pgf@ya=\dimen153
\pgf@xb=\dimen154
\pgf@yb=\dimen155
\pgf@xc=\dimen156
\pgf@yc=\dimen157
\pgf@xd=\dimen158
\pgf@yd=\dimen159
\w@pgf@writea=\write3
\r@pgf@reada=\read2
\c@pgf@counta=\count175
\c@pgf@countb=\count176
\c@pgf@countc=\count177
\c@pgf@countd=\count178
\t@pgf@toka=\toks27
\t@pgf@tokb=\toks28
\t@pgf@tokc=\toks29
\pgf@sys@id@count=\count179
 (/usr/share/texlive/texmf-dist/tex/generic/pgf/systemlayer/pgf.cfg
File: pgf.cfg 2020/01/08 v3.1.5b (3.1.5b)
)
Driver file for pgf: pgfsys-xetex.def

(/usr/share/texlive/texmf-dist/tex/generic/pgf/systemlayer/pgfsys-xetex.def
File: pgfsys-xetex.def 2020/01/08 v3.1.5b (3.1.5b)

(/usr/share/texlive/texmf-dist/tex/generic/pgf/systemlayer/pgfsys-dvipdfmx.def
File: pgfsys-dvipdfmx.def 2020/01/08 v3.1.5b (3.1.5b)

(/usr/share/texlive/texmf-dist/tex/generic/pgf/systemlayer/pgfsys-common-pdf.de
f
File: pgfsys-common-pdf.def 2020/01/08 v3.1.5b (3.1.5b)
)
\pgfsys@objnum=\count180
)))
(/usr/share/texlive/texmf-dist/tex/generic/pgf/systemlayer/pgfsyssoftpath.code.
tex
File: pgfsyssoftpath.code.tex 2020/01/08 v3.1.5b (3.1.5b)
\pgfsyssoftpath@smallbuffer@items=\count181
\pgfsyssoftpath@bigbuffer@items=\count182
)
(/usr/share/texlive/texmf-dist/tex/generic/pgf/systemlayer/pgfsysprotocol.code.
tex
File: pgfsysprotocol.code.tex 2020/01/08 v3.1.5b (3.1.5b)
))
(/usr/share/texlive/texmf-dist/tex/generic/pgf/basiclayer/pgfcore.code.tex
Package: pgfcore 2020/01/08 v3.1.5b (3.1.5b)

(/usr/share/texlive/texmf-dist/tex/generic/pgf/math/pgfmath.code.tex
(/usr/share/texlive/texmf-dist/tex/generic/pgf/math/pgfmathcalc.code.tex
(/usr/share/texlive/texmf-dist/tex/generic/pgf/math/pgfmathutil.code.tex)
(/usr/share/texlive/texmf-dist/tex/generic/pgf/math/pgfmathparser.code.tex
\pgfmath@dimen=\dimen160
\pgfmath@count=\count183
\pgfmath@box=\box48
\pgfmath@toks=\toks30
\pgfmath@stack@operand=\toks31
\pgfmath@stack@operation=\toks32
)
(/usr/share/texlive/texmf-dist/tex/generic/pgf/math/pgfmathfunctions.code.tex
(/usr/share/texlive/texmf-dist/tex/generic/pgf/math/pgfmathfunctions.basic.code
.tex)
(/usr/share/texlive/texmf-dist/tex/generic/pgf/math/pgfmathfunctions.trigonomet
ric.code.tex)
(/usr/share/texlive/texmf-dist/tex/generic/pgf/math/pgfmathfunctions.random.cod
e.tex)
(/usr/share/texlive/texmf-dist/tex/generic/pgf/math/pgfmathfunctions.comparison
.code.tex)
(/usr/share/texlive/texmf-dist/tex/generic/pgf/math/pgfmathfunctions.base.code.
tex)
(/usr/share/texlive/texmf-dist/tex/generic/pgf/math/pgfmathfunctions.round.code
.tex)
(/usr/share/texlive/texmf-dist/tex/generic/pgf/math/pgfmathfunctions.misc.code.
tex)
(/usr/share/texlive/texmf-dist/tex/generic/pgf/math/pgfmathfunctions.integerari
thmetics.code.tex)))
(/usr/share/texlive/texmf-dist/tex/generic/pgf/math/pgfmathfloat.code.tex
\c@pgfmathroundto@lastzeros=\count184
))
(/usr/share/texlive/texmf-dist/tex/generic/pgf/math/pgfint.code.tex)
(/usr/share/texlive/texmf-dist/tex/generic/pgf/basiclayer/pgfcorepoints.code.te
x
File: pgfcorepoints.code.tex 2020/01/08 v3.1.5b (3.1.5b)
\pgf@picminx=\dimen161
\pgf@picmaxx=\dimen162
\pgf@picminy=\dimen163
\pgf@picmaxy=\dimen164
\pgf@pathminx=\dimen165
\pgf@pathmaxx=\dimen166
\pgf@pathminy=\dimen167
\pgf@pathmaxy=\dimen168
\pgf@xx=\dimen169
\pgf@xy=\dimen170
\pgf@yx=\dimen171
\pgf@yy=\dimen172
\pgf@zx=\dimen173
\pgf@zy=\dimen174
)
(/usr/share/texlive/texmf-dist/tex/generic/pgf/basiclayer/pgfcorepathconstruct.
code.tex
File: pgfcorepathconstruct.code.tex 2020/01/08 v3.1.5b (3.1.5b)
\pgf@path@lastx=\dimen175
\pgf@path@lasty=\dimen176
)
(/usr/share/texlive/texmf-dist/tex/generic/pgf/basiclayer/pgfcorepathusage.code
.tex
File: pgfcorepathusage.code.tex 2020/01/08 v3.1.5b (3.1.5b)
\pgf@shorten@end@additional=\dimen177
\pgf@shorten@start@additional=\dimen178
)
(/usr/share/texlive/texmf-dist/tex/generic/pgf/basiclayer/pgfcorescopes.code.te
x
File: pgfcorescopes.code.tex 2020/01/08 v3.1.5b (3.1.5b)
\pgfpic=\box49
\pgf@hbox=\box50
\pgf@layerbox@main=\box51
\pgf@picture@serial@count=\count185
)
(/usr/share/texlive/texmf-dist/tex/generic/pgf/basiclayer/pgfcoregraphicstate.c
ode.tex
File: pgfcoregraphicstate.code.tex 2020/01/08 v3.1.5b (3.1.5b)
\pgflinewidth=\dimen179
)
(/usr/share/texlive/texmf-dist/tex/generic/pgf/basiclayer/pgfcoretransformation
s.code.tex
File: pgfcoretransformations.code.tex 2020/01/08 v3.1.5b (3.1.5b)
\pgf@pt@x=\dimen180
\pgf@pt@y=\dimen181
\pgf@pt@temp=\dimen182
)
(/usr/share/texlive/texmf-dist/tex/generic/pgf/basiclayer/pgfcorequick.code.tex
File: pgfcorequick.code.tex 2020/01/08 v3.1.5b (3.1.5b)
)
(/usr/share/texlive/texmf-dist/tex/generic/pgf/basiclayer/pgfcoreobjects.code.t
ex
File: pgfcoreobjects.code.tex 2020/01/08 v3.1.5b (3.1.5b)
)
(/usr/share/texlive/texmf-dist/tex/generic/pgf/basiclayer/pgfcorepathprocessing
.code.tex
File: pgfcorepathprocessing.code.tex 2020/01/08 v3.1.5b (3.1.5b)
)
(/usr/share/texlive/texmf-dist/tex/generic/pgf/basiclayer/pgfcorearrows.code.te
x
File: pgfcorearrows.code.tex 2020/01/08 v3.1.5b (3.1.5b)
\pgfarrowsep=\dimen183
)
(/usr/share/texlive/texmf-dist/tex/generic/pgf/basiclayer/pgfcoreshade.code.tex
File: pgfcoreshade.code.tex 2020/01/08 v3.1.5b (3.1.5b)
\pgf@max=\dimen184
\pgf@sys@shading@range@num=\count186
\pgf@shadingcount=\count187
)
(/usr/share/texlive/texmf-dist/tex/generic/pgf/basiclayer/pgfcoreimage.code.tex
File: pgfcoreimage.code.tex 2020/01/08 v3.1.5b (3.1.5b)

(/usr/share/texlive/texmf-dist/tex/generic/pgf/basiclayer/pgfcoreexternal.code.
tex
File: pgfcoreexternal.code.tex 2020/01/08 v3.1.5b (3.1.5b)
\pgfexternal@startupbox=\box52
))
(/usr/share/texlive/texmf-dist/tex/generic/pgf/basiclayer/pgfcorelayers.code.te
x
File: pgfcorelayers.code.tex 2020/01/08 v3.1.5b (3.1.5b)
)
(/usr/share/texlive/texmf-dist/tex/generic/pgf/basiclayer/pgfcoretransparency.c
ode.tex
File: pgfcoretransparency.code.tex 2020/01/08 v3.1.5b (3.1.5b)
)
(/usr/share/texlive/texmf-dist/tex/generic/pgf/basiclayer/pgfcorepatterns.code.
tex
File: pgfcorepatterns.code.tex 2020/01/08 v3.1.5b (3.1.5b)
)
(/usr/share/texlive/texmf-dist/tex/generic/pgf/basiclayer/pgfcorerdf.code.tex
File: pgfcorerdf.code.tex 2020/01/08 v3.1.5b (3.1.5b)
)))
(/usr/share/texlive/texmf-dist/tex/generic/pgf/modules/pgfmoduleshapes.code.tex
File: pgfmoduleshapes.code.tex 2020/01/08 v3.1.5b (3.1.5b)
\pgfnodeparttextbox=\box53
) (/usr/share/texlive/texmf-dist/tex/generic/pgf/modules/pgfmoduleplot.code.tex
File: pgfmoduleplot.code.tex 2020/01/08 v3.1.5b (3.1.5b)
)
(/usr/share/texlive/texmf-dist/tex/latex/pgf/compatibility/pgfcomp-version-0-65
.sty
Package: pgfcomp-version-0-65 2020/01/08 v3.1.5b (3.1.5b)
\pgf@nodesepstart=\dimen185
\pgf@nodesepend=\dimen186
)
(/usr/share/texlive/texmf-dist/tex/latex/pgf/compatibility/pgfcomp-version-1-18
.sty
Package: pgfcomp-version-1-18 2020/01/08 v3.1.5b (3.1.5b)
)) (/usr/share/texlive/texmf-dist/tex/latex/pgf/utilities/pgffor.sty
(/usr/share/texlive/texmf-dist/tex/latex/pgf/utilities/pgfkeys.sty
(/usr/share/texlive/texmf-dist/tex/generic/pgf/utilities/pgfkeys.code.tex))
(/usr/share/texlive/texmf-dist/tex/latex/pgf/math/pgfmath.sty
(/usr/share/texlive/texmf-dist/tex/generic/pgf/math/pgfmath.code.tex))
(/usr/share/texlive/texmf-dist/tex/generic/pgf/utilities/pgffor.code.tex
Package: pgffor 2020/01/08 v3.1.5b (3.1.5b)

(/usr/share/texlive/texmf-dist/tex/generic/pgf/math/pgfmath.code.tex)
\pgffor@iter=\dimen187
\pgffor@skip=\dimen188
\pgffor@stack=\toks33
\pgffor@toks=\toks34
))
(/usr/share/texlive/texmf-dist/tex/generic/pgf/frontendlayer/tikz/tikz.code.tex
Package: tikz 2020/01/08 v3.1.5b (3.1.5b)

(/usr/share/texlive/texmf-dist/tex/generic/pgf/libraries/pgflibraryplothandlers
.code.tex
File: pgflibraryplothandlers.code.tex 2020/01/08 v3.1.5b (3.1.5b)
\pgf@plot@mark@count=\count188
\pgfplotmarksize=\dimen189
)
\tikz@lastx=\dimen190
\tikz@lasty=\dimen191
\tikz@lastxsaved=\dimen192
\tikz@lastysaved=\dimen193
\tikz@lastmovetox=\dimen194
\tikz@lastmovetoy=\dimen195
\tikzleveldistance=\dimen196
\tikzsiblingdistance=\dimen197
\tikz@figbox=\box54
\tikz@figbox@bg=\box55
\tikz@tempbox=\box56
\tikz@tempbox@bg=\box57
\tikztreelevel=\count189
\tikznumberofchildren=\count190
\tikznumberofcurrentchild=\count191
\tikz@fig@count=\count192

(/usr/share/texlive/texmf-dist/tex/generic/pgf/modules/pgfmodulematrix.code.tex
File: pgfmodulematrix.code.tex 2020/01/08 v3.1.5b (3.1.5b)
\pgfmatrixcurrentrow=\count193
\pgfmatrixcurrentcolumn=\count194
\pgf@matrix@numberofcolumns=\count195
)
\tikz@expandcount=\count196

(/usr/share/texlive/texmf-dist/tex/generic/pgf/frontendlayer/tikz/libraries/tik
zlibrarytopaths.code.tex
File: tikzlibrarytopaths.code.tex 2020/01/08 v3.1.5b (3.1.5b)
)))
(/usr/share/texlive/texmf-dist/tex/generic/pgf/frontendlayer/tikz/libraries/tik
zlibraryarrows.code.tex
File: tikzlibraryarrows.code.tex 2020/01/08 v3.1.5b (3.1.5b)

(/usr/share/texlive/texmf-dist/tex/generic/pgf/libraries/pgflibraryarrows.code.
tex
File: pgflibraryarrows.code.tex 2020/01/08 v3.1.5b (3.1.5b)
\arrowsize=\dimen198
))
(/usr/share/texlive/texmf-dist/tex/generic/pgf/frontendlayer/tikz/libraries/tik
zlibrarycalc.code.tex
File: tikzlibrarycalc.code.tex 2020/01/08 v3.1.5b (3.1.5b)
)
(/usr/share/texlive/texmf-dist/tex/generic/pgf/frontendlayer/tikz/libraries/tik
zlibraryintersections.code.tex
(/usr/share/texlive/texmf-dist/tex/generic/pgf/libraries/pgflibraryintersection
s.code.tex
(/usr/share/texlive/texmf-dist/tex/generic/pgf/libraries/pgflibraryfpu.code.tex
)
\pgf@intersect@solutions=\count197
))
(/usr/share/texlive/texmf-dist/tex/generic/pgf/frontendlayer/tikz/libraries/tik
zlibrarydecorations.code.tex
(/usr/share/texlive/texmf-dist/tex/generic/pgf/modules/pgfmoduledecorations.cod
e.tex
\pgfdecoratedcompleteddistance=\dimen199
\pgfdecoratedremainingdistance=\dimen256
\pgfdecoratedinputsegmentcompleteddistance=\dimen257
\pgfdecoratedinputsegmentremainingdistance=\dimen258
\pgf@decorate@distancetomove=\dimen259
\pgf@decorate@repeatstate=\count198
\pgfdecorationsegmentamplitude=\dimen260
\pgfdecorationsegmentlength=\dimen261
)
\tikz@lib@dec@box=\box58
) (/usr/share/texlive/texmf-dist/tex/latex/pgfplots/pgfplots.sty
(/usr/share/texlive/texmf-dist/tex/generic/pgfplots/pgfplots.revision.tex)
Package: pgfplots 2018/03/28 v1.16 Data Visualization (1.16)

(/usr/share/texlive/texmf-dist/tex/generic/pgfplots/pgfplots.code.tex
(/usr/share/texlive/texmf-dist/tex/generic/pgfplots/pgfplotscore.code.tex
\t@pgfplots@toka=\toks35
\t@pgfplots@tokb=\toks36
\t@pgfplots@tokc=\toks37
\pgfplots@tmpa=\dimen262
\c@pgfplots@coordindex=\count199
\c@pgfplots@scanlineindex=\count266

(/usr/share/texlive/texmf-dist/tex/generic/pgfplots/sys/pgfplotssysgeneric.code
.tex))
(/usr/share/texlive/texmf-dist/tex/generic/pgfplots/libs/pgfplotslibrary.code.t
ex)
(/usr/share/texlive/texmf-dist/tex/generic/pgfplots/oldpgfcompatib/pgfplotsoldp
gfsupp_loader.code.tex)
(/usr/share/texlive/texmf-dist/tex/generic/pgfplots/util/pgfplotsutil.code.tex
(/usr/share/texlive/texmf-dist/tex/generic/pgfplots/liststructure/pgfplotslists
tructure.code.tex)
(/usr/share/texlive/texmf-dist/tex/generic/pgfplots/liststructure/pgfplotslists
tructureext.code.tex)
(/usr/share/texlive/texmf-dist/tex/generic/pgfplots/liststructure/pgfplotsarray
.code.tex
\c@pgfplotsarray@tmp=\count267
)
(/usr/share/texlive/texmf-dist/tex/generic/pgfplots/liststructure/pgfplotsmatri
x.code.tex)
(/usr/share/texlive/texmf-dist/tex/generic/pgfplots/numtable/pgfplotstableshare
d.code.tex
\c@pgfplotstable@counta=\count268
\t@pgfplotstable@a=\toks38
)
(/usr/share/texlive/texmf-dist/tex/generic/pgfplots/liststructure/pgfplotsdeque
.code.tex)
(/usr/share/texlive/texmf-dist/tex/generic/pgfplots/util/pgfplotsbinary.code.te
x
(/usr/share/texlive/texmf-dist/tex/generic/pgfplots/util/pgfplotsbinary.data.co
de.tex))
(/usr/share/texlive/texmf-dist/tex/generic/pgfplots/util/pgfplotsutil.verb.code
.tex)
(/usr/share/texlive/texmf-dist/tex/generic/pgfplots/libs/pgflibrarypgfplots.sur
fshading.code.tex
\c@pgfplotslibrarysurf@no=\count269

(/usr/share/texlive/texmf-dist/tex/generic/pgfplots/sys/pgflibrarypgfplots.surf
shading.pgfsys-xetex.def
(/usr/share/texlive/texmf-dist/tex/generic/pgfplots/sys/pgflibrarypgfplots.surf
shading.pgfsys-dvipdfmx.def
\c@pgfplotslibrarysurf@streamlen=\count270
))))
(/usr/share/texlive/texmf-dist/tex/generic/pgfplots/util/pgfplotscolormap.code.
tex
(/usr/share/texlive/texmf-dist/tex/generic/pgfplots/util/pgfplotscolor.code.tex
))
(/usr/share/texlive/texmf-dist/tex/generic/pgfplots/pgfplotsstackedplots.code.t
ex)
(/usr/share/texlive/texmf-dist/tex/generic/pgfplots/pgfplotsplothandlers.code.t
ex
(/usr/share/texlive/texmf-dist/tex/generic/pgfplots/pgfplotsmeshplothandler.cod
e.tex
(/usr/share/texlive/texmf-dist/tex/generic/pgfplots/pgfplotsmeshplotimage.code.
tex)))
(/usr/share/texlive/texmf-dist/tex/generic/pgfplots/pgfplots.scaling.code.tex)
(/usr/share/texlive/texmf-dist/tex/generic/pgfplots/pgfplotscoordprocessing.cod
e.tex)
(/usr/share/texlive/texmf-dist/tex/generic/pgfplots/pgfplots.errorbars.code.tex
) (/usr/share/texlive/texmf-dist/tex/generic/pgfplots/pgfplots.markers.code.tex
) (/usr/share/texlive/texmf-dist/tex/generic/pgfplots/pgfplotsticks.code.tex)
(/usr/share/texlive/texmf-dist/tex/generic/pgfplots/pgfplots.paths.code.tex)
(/usr/share/texlive/texmf-dist/tex/generic/pgf/frontendlayer/tikz/libraries/tik
zlibrarydecorations.pathmorphing.code.tex
(/usr/share/texlive/texmf-dist/tex/generic/pgf/libraries/decorations/pgflibrary
decorations.pathmorphing.code.tex))
(/usr/share/texlive/texmf-dist/tex/generic/pgf/frontendlayer/tikz/libraries/tik
zlibrarydecorations.pathreplacing.code.tex
(/usr/share/texlive/texmf-dist/tex/generic/pgf/libraries/decorations/pgflibrary
decorations.pathreplacing.code.tex))
\pgfplots@numplots=\count271
\pgfplots@xmin@reg=\dimen263
\pgfplots@xmax@reg=\dimen264
\pgfplots@ymin@reg=\dimen265
\pgfplots@ymax@reg=\dimen266
\pgfplots@zmin@reg=\dimen267
\pgfplots@zmax@reg=\dimen268
)
(/usr/share/texlive/texmf-dist/tex/generic/pgf/frontendlayer/tikz/libraries/tik
zlibraryplotmarks.code.tex
File: tikzlibraryplotmarks.code.tex 2020/01/08 v3.1.5b (3.1.5b)

(/usr/share/texlive/texmf-dist/tex/generic/pgf/libraries/pgflibraryplotmarks.co
de.tex
File: pgflibraryplotmarks.code.tex 2020/01/08 v3.1.5b (3.1.5b)
))) (/usr/share/texlive/texmf-dist/tex/latex/bbm-macros/bbm.sty
Package: bbm 1999/03/15 V 1.2 provides fonts for set symbols - TH
LaTeX Font Info:    Overwriting math alphabet `\mathbbm' in version `bold'
(Font)                  U/bbm/m/n --> U/bbm/bx/n on input line 33.
LaTeX Font Info:    Overwriting math alphabet `\mathbbmss' in version `bold'
(Font)                  U/bbmss/m/n --> U/bbmss/bx/n on input line 35.
)
(./sphinxmanual.cls
Document Class: sphinxmanual 2019/12/01 v2.3.0 Document class (Sphinx manual)
(/usr/share/texlive/texmf-dist/tex/latex/base/report.cls
Document Class: report 2019/12/20 v1.4l Standard LaTeX document class
(/usr/share/texlive/texmf-dist/tex/latex/base/size10.clo
File: size10.clo 2019/12/20 v1.4l Standard LaTeX file (size option)
)
\c@part=\count272
\c@chapter=\count273
\c@section=\count274
\c@subsection=\count275
\c@subsubsection=\count276
\c@paragraph=\count277
\c@subparagraph=\count278
\c@figure=\count279
\c@table=\count280
\abovecaptionskip=\skip50
\belowcaptionskip=\skip51
\bibindent=\dimen269
)
LaTeX Info: Redefining \and on input line 35.
)
(/usr/share/texlive/texmf-dist/tex/latex/changepage/changepage.sty
Package: changepage 2009/10/20 v1.0c check page and change page layout
\c@cp@cntr=\count281
\cp@tempcnt=\count282
))
\sphinxpxdimen=\dimen270

(/usr/share/texlive/texmf-dist/tex/latex/cmap/cmap.sty
Package: cmap 2008/03/06 v1.0h CMap support: searchable PDF


Package cmap Warning: pdftex not detected - exiting.

) (/usr/share/texlive/texmf-dist/tex/latex/fontspec/fontspec.sty
(/usr/share/texlive/texmf-dist/tex/latex/l3packages/xparse/xparse.sty
(/usr/share/texlive/texmf-dist/tex/latex/l3kernel/expl3.sty
Package: expl3 2020-02-14 L3 programming layer (loader) 

(/usr/share/texlive/texmf-dist/tex/latex/l3backend/l3backend-xdvipdfmx.def
File: l3backend-xdvipdfmx.def 2020-02-03 L3 backend support: xdvipdfmx
\g__graphics_track_int=\count283
\l__pdf_internal_box=\box59
\g__pdf_backend_object_int=\count284
\g__pdf_backend_annotation_int=\count285
))
Package: xparse 2020-02-14 L3 Experimental document command parser
\l__xparse_current_arg_int=\count286
\g__xparse_grabber_int=\count287
\l__xparse_m_args_int=\count288
\l__xparse_v_nesting_int=\count289
)
Package: fontspec 2020/02/03 v2.7h Font selection for XeLaTeX and LuaLaTeX

(/usr/share/texlive/texmf-dist/tex/latex/fontspec/fontspec-xetex.sty
Package: fontspec-xetex 2020/02/03 v2.7h Font selection for XeLaTeX and LuaLaTe
X
\l__fontspec_script_int=\count290
\l__fontspec_language_int=\count291
\l__fontspec_strnum_int=\count292
\l__fontspec_tmp_int=\count293
\l__fontspec_tmpa_int=\count294
\l__fontspec_tmpb_int=\count295
\l__fontspec_tmpc_int=\count296
\l__fontspec_em_int=\count297
\l__fontspec_emdef_int=\count298
\l__fontspec_strong_int=\count299
\l__fontspec_strongdef_int=\count300
\l__fontspec_tmpa_dim=\dimen271
\l__fontspec_tmpb_dim=\dimen272
\l__fontspec_tmpc_dim=\dimen273

(/usr/share/texlive/texmf-dist/tex/latex/base/fontenc.sty
Package: fontenc 2020/02/11 v2.0o Standard LaTeX package
)
(/usr/share/texlive/texmf-dist/tex/latex/fontspec/fontspec.cfg)))
(/usr/share/texlive/texmf-dist/tex/latex/polyglossia/polyglossia.sty
Package: polyglossia 2020/01/29 v1.47 Modern multilingual typesetting with XeLa
TeX and LuaLaTeX

(/usr/share/texlive/texmf-dist/tex/latex/etoolbox/etoolbox.sty
Package: etoolbox 2019/09/21 v2.5h e-TeX tools for LaTeX (JAW)
\etb@tempcnta=\count301
)
(/usr/share/texlive/texmf-dist/tex/latex/makecmds/makecmds.sty
Package: makecmds 2009/09/03 v1.0a extra command making commands
)
(/usr/share/texlive/texmf-dist/tex/latex/xkeyval/xkeyval.sty
Package: xkeyval 2014/12/03 v2.7a package option processing (HA)

(/usr/share/texlive/texmf-dist/tex/generic/xkeyval/xkeyval.tex
(/usr/share/texlive/texmf-dist/tex/generic/xkeyval/xkvutils.tex
\XKV@toks=\toks39
\XKV@tempa@toks=\toks40
)
\XKV@depth=\count302
File: xkeyval.tex 2014/12/03 v2.7a key=value parser (HA)
))
(/usr/share/texlive/texmf-dist/tex/generic/iftex/ifluatex.sty
Package: ifluatex 2019/10/25 v1.5 ifluatex legacy package. Use iftex instead.

(/usr/share/texlive/texmf-dist/tex/generic/iftex/iftex.sty
Package: iftex 2019/11/07 v1.0c TeX engine tests
))
(/usr/share/texlive/texmf-dist/tex/generic/iftex/ifxetex.sty
Package: ifxetex 2019/10/25 v0.7 ifxetex legacy package. Use iftex instead.
)
(/usr/share/texlive/texmf-dist/tex/latex/l3packages/l3keys2e/l3keys2e.sty
Package: l3keys2e 2020-02-14 LaTeX2e option processing using LaTeX3 keys
)
(/usr/share/texlive/texmf-dist/tex/latex/filehook/filehook.sty
Package: filehook 2020/02/03 v0.7 Hooks for input files
)
\xpg@normalclass=\XeTeXcharclass1

(/usr/share/texlive/texmf-dist/tex/latex/polyglossia/gloss-latex.ldf
File: gloss-latex.ldf polyglossia: module for default language
The property list \polyglossia@langsetup contains the pairs (without outer
braces):
>  {latex/script}  =>  {latin}
>  {latex/lcscript}  =>  {latin}
>  {latex/scripttag}  =>  {}
>  {latex/language}  =>  {Latex}
>  {latex/langtag}  =>  {ENG}
>  {latex/bcp47}  =>  {}
>  {latex/hyphennames}  =>  {english}
>  {latex/direction}  =>  {LR}
>  {latex/hyphenmins}  =>  {2,3}
>  {latex/frenchspacing}  =>  {false}
>  {latex/indentfirst}  =>  {false}
>  {latex/fontsetup}  =>  {true}
>  {latex/envname}  =>  {latex}
>  {latex/babelname}  =>  {latex}
>  {latex/localnumeral}  =>  {polyglossia@C@localnumeral}
>  {latex/Localnumeral}  =>  {polyglossia@C@localnumeral}.
)
Package polyglossia Info: Default language is latex.
Package polyglossia Info: Option: localmarks.
)
(/usr/share/texlive/texmf-dist/tex/latex/polyglossia/gloss-italian.ldf
File: gloss-italian.ldf polyglossia: module for italian
The property list \polyglossia@langsetup contains the pairs (without outer
braces):
>  {latex/script}  =>  {latin}
>  {latex/lcscript}  =>  {latin}
>  {latex/scripttag}  =>  {}
>  {latex/language}  =>  {Latex}
>  {latex/langtag}  =>  {ENG}
>  {latex/bcp47}  =>  {}
>  {latex/hyphennames}  =>  {english}
>  {latex/direction}  =>  {LR}
>  {latex/hyphenmins}  =>  {2,3}
>  {latex/frenchspacing}  =>  {false}
>  {latex/indentfirst}  =>  {false}
>  {latex/fontsetup}  =>  {true}
>  {latex/envname}  =>  {latex}
>  {latex/babelname}  =>  {latex}
>  {latex/localnumeral}  =>  {polyglossia@C@localnumeral}
>  {latex/Localnumeral}  =>  {polyglossia@C@localnumeral}
>  {italian/script}  =>  {latin}
>  {italian/lcscript}  =>  {latin}
>  {italian/scripttag}  =>  {}
>  {italian/language}  =>  {Italian}
>  {italian/langtag}  =>  {ITA}
>  {italian/bcp47}  =>  {it}
>  {italian/hyphennames}  =>  {italian}
>  {italian/direction}  =>  {LR}
>  {italian/hyphenmins}  =>  {2,2}
>  {italian/frenchspacing}  =>  {true}
>  {italian/indentfirst}  =>  {true}
>  {italian/fontsetup}  =>  {true}
>  {italian/envname}  =>  {italian}
>  {italian/babelname}  =>  {italian}
>  {italian/localnumeral}  =>  {polyglossia@C@localnumeral}
>  {italian/Localnumeral}  =>  {polyglossia@C@localnumeral}.

(/usr/share/texlive/texmf-dist/tex/latex/polyglossia/babelsh.def
File: babelsh.def 2019/09/30 Babel common definitions for shorthands
 Taken verbatim from babel files (2019/09/27 v3.34)
)
Package polyglossia Info: Making " an active character on input line 33.
)
Package polyglossia Info: Default language is italian.

Package fontspec Info: Font family 'FreeSerif(0)' created for font 'FreeSerif'
(fontspec)             with options [Extension = .otf,UprightFont =
(fontspec)             *,ItalicFont = *Italic,BoldFont = *Bold,BoldItalicFont
(fontspec)             = *BoldItalic].
(fontspec)              
(fontspec)              This font family consists of the following NFSS
(fontspec)             series/shapes:
(fontspec)              
(fontspec)             - 'normal' (m/n) with NFSS spec.:
(fontspec)             <->"[FreeSerif.otf]/OT:script=latn;language=dflt;"
(fontspec)             - 'small caps'  (m/sc) with NFSS spec.:
(fontspec)             <->"[FreeSerif.otf]/OT:script=latn;language=dflt;+smcp;"

(fontspec)             - 'bold' (b/n) with NFSS spec.:
(fontspec)             <->"[FreeSerifBold.otf]/OT:script=latn;language=dflt;"
(fontspec)             - 'bold small caps'  (b/sc) with NFSS spec.:
(fontspec)             <->"[FreeSerifBold.otf]/OT:script=latn;language=dflt;+sm
cp;"
(fontspec)             - 'italic' (m/it) with NFSS spec.:
(fontspec)             <->"[FreeSerifItalic.otf]/OT:script=latn;language=dflt;"

(fontspec)             - 'italic small caps'  (m/scit) with NFSS spec.: 
(fontspec)             - 'bold italic' (b/it) with NFSS spec.:
(fontspec)             <->"[FreeSerifBoldItalic.otf]/OT:script=latn;language=df
lt;"
(fontspec)             - 'bold italic small caps'  (b/scit) with NFSS spec.: 


Package fontspec Info: Font family 'FreeSans(0)' created for font 'FreeSans'
(fontspec)             with options [Extension = .otf,UprightFont =
(fontspec)             *,ItalicFont = *Oblique,BoldFont = *Bold,BoldItalicFont
(fontspec)             = *BoldOblique].
(fontspec)              
(fontspec)              This font family consists of the following NFSS
(fontspec)             series/shapes:
(fontspec)              
(fontspec)             - 'normal' (m/n) with NFSS spec.:
(fontspec)             <->"[FreeSans.otf]/OT:script=latn;language=dflt;"
(fontspec)             - 'small caps'  (m/sc) with NFSS spec.:
(fontspec)             <->"[FreeSans.otf]/OT:script=latn;language=dflt;+smcp;"
(fontspec)             - 'bold' (b/n) with NFSS spec.:
(fontspec)             <->"[FreeSansBold.otf]/OT:script=latn;language=dflt;"
(fontspec)             - 'bold small caps'  (b/sc) with NFSS spec.:
(fontspec)             <->"[FreeSansBold.otf]/OT:script=latn;language=dflt;+smc
p;"
(fontspec)             - 'italic' (m/it) with NFSS spec.:
(fontspec)             <->"[FreeSansOblique.otf]/OT:script=latn;language=dflt;"

(fontspec)             - 'italic small caps'  (m/scit) with NFSS spec.: 
(fontspec)             - 'bold italic' (b/it) with NFSS spec.:
(fontspec)             <->"[FreeSansBoldOblique.otf]/OT:script=latn;language=df
lt;"
(fontspec)             - 'bold italic small caps'  (b/scit) with NFSS spec.: 


Package fontspec Info: Font family 'FreeMono(0)' created for font 'FreeMono'
(fontspec)             with options [Extension = .otf,UprightFont =
(fontspec)             *,ItalicFont = *Oblique,BoldFont = *Bold,BoldItalicFont
(fontspec)             = *BoldOblique].
(fontspec)              
(fontspec)              This font family consists of the following NFSS
(fontspec)             series/shapes:
(fontspec)              
(fontspec)             - 'normal' (m/n) with NFSS spec.:
(fontspec)             <->"[FreeMono.otf]/OT:script=latn;language=dflt;"
(fontspec)             - 'small caps'  (m/sc) with NFSS spec.: 
(fontspec)             - 'bold' (b/n) with NFSS spec.:
(fontspec)             <->"[FreeMonoBold.otf]/OT:script=latn;language=dflt;"
(fontspec)             - 'bold small caps'  (b/sc) with NFSS spec.: 
(fontspec)             - 'italic' (m/it) with NFSS spec.:
(fontspec)             <->"[FreeMonoOblique.otf]/OT:script=latn;language=dflt;"

(fontspec)             - 'italic small caps'  (m/scit) with NFSS spec.: 
(fontspec)             - 'bold italic' (b/it) with NFSS spec.:
(fontspec)             <->"[FreeMonoBoldOblique.otf]/OT:script=latn;language=df
lt;"
(fontspec)             - 'bold italic small caps'  (b/scit) with NFSS spec.: 


(/usr/share/texlive/texmf-dist/tex/latex/fncychap/fncychap.sty
Package: fncychap 2007/07/30 v1.34 LaTeX package (Revised chapters)
\RW=\skip52
\mylen=\skip53
\myhi=\skip54
\px=\skip55
\py=\skip56
\pyy=\skip57
\pxx=\skip58
) (./sphinx.sty
Package: sphinx 2021/01/27 v4.0.0 LaTeX package (Sphinx markup)

(/usr/share/texlive/texmf-dist/tex/generic/ltxcmds/ltxcmds.sty
Package: ltxcmds 2019/12/15 v1.24 LaTeX kernel commands for general use (HO)
)
(/usr/share/texlive/texmf-dist/tex/latex/kvoptions/kvoptions.sty
Package: kvoptions 2019/11/29 v3.13 Key value format for package options (HO)

(/usr/share/texlive/texmf-dist/tex/generic/kvsetkeys/kvsetkeys.sty
Package: kvsetkeys 2019/12/15 v1.18 Key value parser (HO)
))
\sphinxverbatimsep=\dimen274
\sphinxverbatimborder=\dimen275
\sphinxshadowsep=\dimen276
\sphinxshadowsize=\dimen277
\sphinxshadowrule=\dimen278
\spx@notice@border=\dimen279

(./sphinxoptionshyperref.sty
File: sphinxoptionshyperref.sty 2021/01/27 hyperref
) (./sphinxoptionsgeometry.sty
File: sphinxoptionsgeometry.sty 2021/01/27 geometry
)
(/usr/share/texlive/texmf-dist/tex/latex/base/textcomp.sty
Package: textcomp 2020/02/02 v2.0n Standard LaTeX package
)
(/usr/share/texlive/texmf-dist/tex/latex/float/float.sty
Package: float 2001/11/08 v1.3d Float enhancements (AL)
\c@float@type=\count303
\float@exts=\toks41
\float@box=\box60
\@float@everytoks=\toks42
\@floatcapt=\box61
)
(/usr/share/texlive/texmf-dist/tex/latex/wrapfig/wrapfig.sty
\wrapoverhang=\dimen280
\WF@size=\dimen281
\c@WF@wrappedlines=\count304
\WF@box=\box62
\WF@everypar=\toks43
Package: wrapfig 2003/01/31  v 3.6
)
(/usr/share/texlive/texmf-dist/tex/latex/capt-of/capt-of.sty
Package: capt-of 2009/12/29 v0.2 standard captions outside of floats
)
(/usr/share/texlive/texmf-dist/tex/latex/tools/multicol.sty
Package: multicol 2019/12/09 v1.8y multicolumn formatting (FMi)
\c@tracingmulticols=\count305
\mult@box=\box63
\multicol@leftmargin=\dimen282
\c@unbalance=\count306
\c@collectmore=\count307
\doublecol@number=\count308
\multicoltolerance=\count309
\multicolpretolerance=\count310
\full@width=\dimen283
\page@free=\dimen284
\premulticols=\dimen285
\postmulticols=\dimen286
\multicolsep=\skip59
\multicolbaselineskip=\skip60
\partial@page=\box64
\last@line=\box65
\maxbalancingoverflow=\dimen287
\mult@rightbox=\box66
\mult@grightbox=\box67
\mult@gfirstbox=\box68
\mult@firstbox=\box69
\@tempa=\box70
\@tempa=\box71
\@tempa=\box72
\@tempa=\box73
\@tempa=\box74
\@tempa=\box75
\@tempa=\box76
\@tempa=\box77
\@tempa=\box78
\@tempa=\box79
\@tempa=\box80
\@tempa=\box81
\@tempa=\box82
\@tempa=\box83
\@tempa=\box84
\@tempa=\box85
\@tempa=\box86
\@tempa=\box87
\@tempa=\box88
\@tempa=\box89
\@tempa=\box90
\@tempa=\box91
\@tempa=\box92
\@tempa=\box93
\@tempa=\box94
\@tempa=\box95
\@tempa=\box96
\@tempa=\box97
\@tempa=\box98
\@tempa=\box99
\@tempa=\box100
\@tempa=\box101
\@tempa=\box102
\@tempa=\box103
\@tempa=\box104
\@tempa=\box105
\@tempa=\box106
\c@minrows=\count311
\c@columnbadness=\count312
\c@finalcolumnbadness=\count313
\last@try=\dimen288
\multicolovershoot=\dimen289
\multicolundershoot=\dimen290
\mult@nat@firstbox=\box107
\colbreak@box=\box108
\mc@col@check@num=\count314
)
(./sphinxlatexgraphics.sty
File: sphinxlatexgraphics.sty 2021/01/27 graphics
\spx@image@maxheight=\dimen291
\spx@image@box=\box109
) (./sphinxlatexadmonitions.sty
File: sphinxlatexadmonitions.sty 2021/01/27 admonitions

(/usr/share/texlive/texmf-dist/tex/latex/framed/framed.sty
Package: framed 2011/10/22 v 0.96: framed or shaded text with page breaks
\OuterFrameSep=\skip61
\fb@frw=\dimen292
\fb@frh=\dimen293
\FrameRule=\dimen294
\FrameSep=\dimen295
))
(./sphinxlatexliterals.sty
File: sphinxlatexliterals.sty 2021/12/06 code-blocks and parsed literals

(/usr/share/texlive/texmf-dist/tex/latex/fancyvrb/fancyvrb.sty
Package: fancyvrb 2020/01/13 v3.5 verbatim text (tvz,hv)
\FV@CodeLineNo=\count315
\FV@InFile=\read3
\FV@TabBox=\box110
\c@FancyVerbLine=\count316
\FV@StepNumber=\count317
\FV@OutFile=\write4
)
(/usr/share/texlive/texmf-dist/tex/latex/base/alltt.sty
Package: alltt 1997/06/16 v2.0g defines alltt environment
)
(/usr/share/texlive/texmf-dist/tex/latex/upquote/upquote.sty
Package: upquote 2012/04/19 v1.3 upright-quote and grave-accent glyphs in verba
tim
)
(/usr/share/texlive/texmf-dist/tex/latex/needspace/needspace.sty
Package: needspace 2010/09/12 v1.3d reserve vertical space
)
\sphinxcontinuationbox=\box111
\sphinxvisiblespacebox=\box112
\sphinxVerbatim@TitleBox=\box113
\sphinxVerbatim@ContentsBox=\box114
\spx@scratchbox=\box115
)
(./sphinxlatexshadowbox.sty
File: sphinxlatexshadowbox.sty 2021/01/27 sphinxShadowBox
) (./sphinxlatexcontainers.sty
File: sphinxlatexcontainers.sty 2021/05/03 containers
)
(./sphinxhighlight.sty
Package: sphinxhighlight 2016/05/29 stylesheet for highlighting with pygments
) (./sphinxlatextables.sty
File: sphinxlatextables.sty 2021/01/27 tables

(/usr/share/texlive/texmf-dist/tex/latex/tabulary/tabulary.sty
Package: tabulary 2014/06/11 v0.10 tabulary package (DPC)

(/usr/share/texlive/texmf-dist/tex/latex/tools/array.sty
Package: array 2019/08/31 v2.4l Tabular extension package (FMi)
\col@sep=\dimen296
\ar@mcellbox=\box116
\extrarowheight=\dimen297
\NC@list=\toks44
\extratabsurround=\skip62
\backup@length=\skip63
\ar@cellbox=\box117
)
\TY@count=\count318
\TY@linewidth=\dimen298
\tymin=\dimen299
\tymax=\dimen300
\TY@tablewidth=\dimen301
)
(/usr/share/texlive/texmf-dist/tex/latex/tools/longtable.sty
Package: longtable 2020/01/07 v4.13 Multi-page Table package (DPC)
\LTleft=\skip64
\LTright=\skip65
\LTpre=\skip66
\LTpost=\skip67
\LTchunksize=\count319
\LTcapwidth=\dimen302
\LT@head=\box118
\LT@firsthead=\box119
\LT@foot=\box120
\LT@lastfoot=\box121
\LT@cols=\count320
\LT@rows=\count321
\c@LT@tables=\count322
\c@LT@chunks=\count323
\LT@p@ftn=\toks45
)
(/usr/share/texlive/texmf-dist/tex/latex/varwidth/varwidth.sty
Package: varwidth 2009/03/30 ver 0.92;  Variable-width minipages
\@vwid@box=\box122
\sift@deathcycles=\count324
\@vwid@loff=\dimen303
\@vwid@roff=\dimen304
)
\sphinx@TY@tablewidth=\dimen305
)
(./sphinxlatexnumfig.sty
File: sphinxlatexnumfig.sty 2021/01/27 numbering
) (./sphinxlatexlists.sty
File: sphinxlatexlists.sty 2021/12/20 lists
\spx@lineitemlabel=\toks46
)
\c@sphinxscope=\count325
 (./sphinxpackagefootnote.sty
Package: sphinxpackagefootnote 2022/02/12 v4.5.0 Sphinx custom footnotehyper pa
ckage (Sphinx team)
\FNH@notes=\box123
\FNH@toks=\toks47
\FNH@width=\dimen306
\c@sphinxfootnotemark=\count326
) (./sphinxlatexindbibtoc.sty
File: sphinxlatexindbibtoc.sty 2021/01/27 index, bib., toc

(/usr/share/texlive/texmf-dist/tex/latex/base/makeidx.sty
Package: makeidx 2014/09/29 v1.0m Standard LaTeX package
))
(./sphinxlatexstylepage.sty
File: sphinxlatexstylepage.sty 2021/01/27 page styling

(/usr/share/texlive/texmf-dist/tex/latex/parskip/parskip.sty
Rollback for package 'parskip' requested -> version 'v1'.
         This corresponds to the release introduced on 2001-04-09.

(/usr/share/texlive/texmf-dist/tex/latex/parskip/parskip-2001-04-09.sty
Package: parskip 2001/04/09 non-zero parskip adjustments
))
(/usr/share/texlive/texmf-dist/tex/latex/fancyhdr/fancyhdr.sty
Package: fancyhdr 2019/01/31 v3.10 Extensive control of page headers and footer
s
\f@nch@headwidth=\skip68
\f@nch@O@elh=\skip69
\f@nch@O@erh=\skip70
\f@nch@O@olh=\skip71
\f@nch@O@orh=\skip72
\f@nch@O@elf=\skip73
\f@nch@O@erf=\skip74
\f@nch@O@olf=\skip75
\f@nch@O@orf=\skip76
))
(./sphinxlatexstyleheadings.sty
File: sphinxlatexstyleheadings.sty 2021/01/27 headings

(/usr/share/texlive/texmf-dist/tex/latex/titlesec/titlesec.sty
Package: titlesec 2019/10/16 v2.13 Sectioning titles
\ttl@box=\box124
\beforetitleunit=\skip77
\aftertitleunit=\skip78
\ttl@plus=\dimen307
\ttl@minus=\dimen308
\ttl@toksa=\toks48
\titlewidth=\dimen309
\titlewidthlast=\dimen310
\titlewidthfirst=\dimen311
))
(./sphinxlatexstyletext.sty
File: sphinxlatexstyletext.sty 2021/12/06 text styling
) (./sphinxlatexobjects.sty
File: sphinxlatexobjects.sty 2022/01/13 documentation environments
\sphinxsignaturesep=\skip79
\py@argswidth=\skip80
\lineblockindentation=\skip81
\DUlineblockindent=\skip82
))
(/usr/share/texlive/texmf-dist/tex/latex/geometry/geometry.sty
Package: geometry 2020/01/02 v5.9 Page Geometry

(/usr/share/texlive/texmf-dist/tex/generic/iftex/ifvtex.sty
Package: ifvtex 2019/10/25 v1.7 ifvtex legacy package. Use iftex instead.
)
\Gm@cnth=\count327
\Gm@cntv=\count328
\c@Gm@tempcnt=\count329
\Gm@bindingoffset=\dimen312
\Gm@wd@mp=\dimen313
\Gm@odd@mp=\dimen314
\Gm@even@mp=\dimen315
\Gm@layoutwidth=\dimen316
\Gm@layoutheight=\dimen317
\Gm@layouthoffset=\dimen318
\Gm@layoutvoffset=\dimen319
\Gm@dimlist=\toks49
)
(/usr/share/texlive/texmf-dist/tex/latex/hyperref/hyperref.sty
Package: hyperref 2020/01/14 v7.00d Hypertext links for LaTeX

(/usr/share/texlive/texmf-dist/tex/latex/pdftexcmds/pdftexcmds.sty
Package: pdftexcmds 2019/11/24 v0.31 Utility functions of pdfTeX for LuaTeX (HO
)

(/usr/share/texlive/texmf-dist/tex/generic/infwarerr/infwarerr.sty
Package: infwarerr 2019/12/03 v1.5 Providing info/warning/error messages (HO)
)
Package pdftexcmds Info: \pdf@primitive is available.
Package pdftexcmds Info: \pdf@ifprimitive is available.
Package pdftexcmds Info: \pdfdraftmode not found.
)
(/usr/share/texlive/texmf-dist/tex/generic/kvdefinekeys/kvdefinekeys.sty
Package: kvdefinekeys 2019-12-19 v1.6 Define keys (HO)
)
(/usr/share/texlive/texmf-dist/tex/generic/pdfescape/pdfescape.sty
Package: pdfescape 2019/12/09 v1.15 Implements pdfTeX's escape features (HO)
)
(/usr/share/texlive/texmf-dist/tex/latex/hycolor/hycolor.sty
Package: hycolor 2020-01-27 v1.10 Color options for hyperref/bookmark (HO)
)
(/usr/share/texlive/texmf-dist/tex/latex/letltxmacro/letltxmacro.sty
Package: letltxmacro 2019/12/03 v1.6 Let assignment for LaTeX macros (HO)
)
(/usr/share/texlive/texmf-dist/tex/latex/auxhook/auxhook.sty
Package: auxhook 2019-12-17 v1.6 Hooks for auxiliary files (HO)
)
\@linkdim=\dimen320
\Hy@linkcounter=\count330
\Hy@pagecounter=\count331

(/usr/share/texlive/texmf-dist/tex/latex/hyperref/pd1enc.def
File: pd1enc.def 2020/01/14 v7.00d Hyperref: PDFDocEncoding definition (HO)
)
(/usr/share/texlive/texmf-dist/tex/generic/intcalc/intcalc.sty
Package: intcalc 2019/12/15 v1.3 Expandable calculations with integers (HO)
)
(/usr/share/texlive/texmf-dist/tex/generic/etexcmds/etexcmds.sty
Package: etexcmds 2019/12/15 v1.7 Avoid name clashes with e-TeX commands (HO)
)
\Hy@SavedSpaceFactor=\count332
Package hyperref Info: Option `hyperindex' set `false' on input line 4421.
Package hyperref Info: Option `unicode' set `true' on input line 4421.

(/usr/share/texlive/texmf-dist/tex/latex/hyperref/puenc.def
File: puenc.def 2020/01/14 v7.00d Hyperref: PDF Unicode definition (HO)
)
Package hyperref Info: Option `colorlinks' set `true' on input line 4421.
Package hyperref Info: Option `breaklinks' set `true' on input line 4421.
Package hyperref Info: Hyper figures OFF on input line 4547.
Package hyperref Info: Link nesting OFF on input line 4552.
Package hyperref Info: Hyper index OFF on input line 4557.
Package hyperref Info: Plain pages OFF on input line 4562.
Package hyperref Info: Backreferencing OFF on input line 4567.
Package hyperref Info: Implicit mode ON; LaTeX internals redefined.
Package hyperref Info: Bookmarks ON on input line 4800.
\c@Hy@tempcnt=\count333

(/usr/share/texlive/texmf-dist/tex/latex/url/url.sty
\Urlmuskip=\muskip17
Package: url 2013/09/16  ver 3.4  Verb mode for urls, etc.
)
LaTeX Info: Redefining \url on input line 5159.
\XeTeXLinkMargin=\dimen321

(/usr/share/texlive/texmf-dist/tex/generic/bitset/bitset.sty
Package: bitset 2019/12/09 v1.3 Handle bit-vector datatype (HO)

(/usr/share/texlive/texmf-dist/tex/generic/bigintcalc/bigintcalc.sty
Package: bigintcalc 2019/12/15 v1.5 Expandable calculations on big integers (HO
)
))
\Fld@menulength=\count334
\Field@Width=\dimen322
\Fld@charsize=\dimen323
Package hyperref Info: Hyper figures OFF on input line 6430.
Package hyperref Info: Link nesting OFF on input line 6435.
Package hyperref Info: Hyper index OFF on input line 6440.
Package hyperref Info: backreferencing OFF on input line 6445.
Package hyperref Info: Link coloring ON on input line 6448.
Package hyperref Info: Link coloring with OCG OFF on input line 6455.
Package hyperref Info: PDF/A mode OFF on input line 6460.
LaTeX Info: Redefining \ref on input line 6500.
LaTeX Info: Redefining \pageref on input line 6504.

(/usr/share/texlive/texmf-dist/tex/generic/atbegshi/atbegshi.sty
Package: atbegshi 2019/12/05 v1.19 At begin shipout hook (HO)
)
\Hy@abspage=\count335
\c@Item=\count336
\c@Hfootnote=\count337
)
Package hyperref Info: Driver (autodetected): hxetex.

(/usr/share/texlive/texmf-dist/tex/latex/hyperref/hxetex.def
File: hxetex.def 2020/01/14 v7.00d Hyperref driver for XeTeX

(/usr/share/texlive/texmf-dist/tex/generic/stringenc/stringenc.sty
Package: stringenc 2019/11/29 v1.12 Convert strings between diff. encodings (HO
)
)
\pdfm@box=\box125
\c@Hy@AnnotLevel=\count338
\HyField@AnnotCount=\count339
\Fld@listcount=\count340
\c@bookmark@seq@number=\count341

(/usr/share/texlive/texmf-dist/tex/latex/rerunfilecheck/rerunfilecheck.sty
Package: rerunfilecheck 2019/12/05 v1.9 Rerun checks for auxiliary files (HO)

(/usr/share/texlive/texmf-dist/tex/latex/atveryend/atveryend.sty
Package: atveryend 2019-12-11 v1.11 Hooks at the very end of document (HO)
)
(/usr/share/texlive/texmf-dist/tex/generic/uniquecounter/uniquecounter.sty
Package: uniquecounter 2019/12/15 v1.4 Provide unlimited unique counter (HO)
)
Package uniquecounter Info: New unique counter `rerunfilecheck' on input line 2
86.
)
\Hy@SectionHShift=\skip83
)
(/usr/share/texlive/texmf-dist/tex/latex/oberdiek/hypcap.sty
Package: hypcap 2016/05/16 v1.12 Adjusting the anchors of captions (HO)
)
(./sphinxmessages.sty
Package: sphinxmessages 2019/01/04 v2.0 Localized LaTeX macros (Sphinx team)
)
(/usr/share/texlive/texmf-dist/tex/xelatex/ucharclasses/ucharclasses.sty
Package: ucharclasses 2017/08/10 v2.3.0 Unicode block character classes for XeL
aTeX
\AlphabeticPresentationFormsClass=\XeTeXcharclass2
\BasicLatinClass=\XeTeXcharclass3
\CopticClass=\XeTeXcharclass4
\GreekAndCopticClass=\XeTeXcharclass5
\GreekExtendedClass=\XeTeXcharclass6
\LatinExtendedAdditionalClass=\XeTeXcharclass7
\LatinExtendedAClass=\XeTeXcharclass8
\LatinExtendedBClass=\XeTeXcharclass9
\LatinExtendedCClass=\XeTeXcharclass10
\LatinExtendedDClass=\XeTeXcharclass11
\LatinSupplementClass=\XeTeXcharclass12
\CopticEpactNumbersClass=\XeTeXcharclass13
\LatinExtendedEClass=\XeTeXcharclass14
)
(/usr/share/texlive/texmf-dist/tex/latex/unicode-math/unicode-math.sty
Package: unicode-math 2020/01/31 v0.8q Unicode maths in XeLaTeX and LuaLaTeX

(/usr/share/texlive/texmf-dist/tex/latex/unicode-math/unicode-math-xetex.sty
Package: unicode-math-xetex 2020/01/31 v0.8q Unicode maths in XeLaTeX and LuaLa
TeX

(/usr/share/texlive/texmf-dist/tex/latex/base/fix-cm.sty
Package: fix-cm 2015/01/14 v1.1t fixes to LaTeX

(/usr/share/texlive/texmf-dist/tex/latex/base/ts1enc.def
File: ts1enc.def 2001/06/05 v3.0e (jk/car/fm) Standard LaTeX file
LaTeX Font Info:    Redeclaring font encoding TS1 on input line 47.
))
\g__um_fam_int=\count342
\g__um_fonts_used_int=\count343
\l__um_primecount_int=\count344
\g__um_primekern_muskip=\muskip18

(/usr/share/texlive/texmf-dist/tex/latex/unicode-math/unicode-math-table.tex)))
Package hyperref Info: Option `psdextra' set `true' on input line 85.
(/usr/share/texlive/texmf-dist/tex/latex/hyperref/psdextra.def
File: psdextra.def 2020/01/14 v7.00d Hyperref: Additions to PDF string support
)
\@indexfile=\write5
\openout5 = `book.idx'.


Writing index file book.idx
(./book.aux)
\openout1 = `book.aux'.

LaTeX Font Info:    Checking defaults for OML/cmm/m/it on input line 96.
LaTeX Font Info:    ... okay on input line 96.
LaTeX Font Info:    Checking defaults for OMS/cmsy/m/n on input line 96.
LaTeX Font Info:    ... okay on input line 96.
LaTeX Font Info:    Checking defaults for OT1/cmr/m/n on input line 96.
LaTeX Font Info:    ... okay on input line 96.
LaTeX Font Info:    Checking defaults for T1/cmr/m/n on input line 96.
LaTeX Font Info:    ... okay on input line 96.
LaTeX Font Info:    Checking defaults for TS1/cmr/m/n on input line 96.
LaTeX Font Info:    ... okay on input line 96.
LaTeX Font Info:    Checking defaults for TU/lmr/m/n on input line 96.
LaTeX Font Info:    ... okay on input line 96.
LaTeX Font Info:    Checking defaults for OMX/cmex/m/n on input line 96.
LaTeX Font Info:    ... okay on input line 96.
LaTeX Font Info:    Checking defaults for U/cmr/m/n on input line 96.
LaTeX Font Info:    ... okay on input line 96.
LaTeX Font Info:    Checking defaults for PD1/pdf/m/n on input line 96.
LaTeX Font Info:    ... okay on input line 96.
LaTeX Font Info:    Checking defaults for PU/pdf/m/n on input line 96.
LaTeX Font Info:    ... okay on input line 96.
 ABD: EveryShipout initializing macros

Package pgfplots Warning: running in backwards compatibility mode (unsuitable t
ick labels; missing features). Consider writing \pgfplotsset{compat=1.16} into 
your preamble.
 on input line 96.

\c@literalblock=\count345
*geometry* driver: auto-detecting
*geometry* detected driver: xetex
*geometry* verbose mode - [ preamble ] result:
* driver: xetex
* paper: letterpaper
* layout: <same size as paper>
* layoutoffset:(h,v)=(0.0pt,0.0pt)
* modes: twoside 
* h-part:(L,W,R)=(72.26999pt, 469.75502pt, 72.26999pt)
* v-part:(T,H,B)=(72.26999pt, 650.43001pt, 72.26999pt)
* \paperwidth=614.295pt
* \paperheight=794.96999pt
* \textwidth=469.75502pt
* \textheight=650.43001pt
* \oddsidemargin=0.0pt
* \evensidemargin=0.0pt
* \topmargin=-37.0pt
* \headheight=12.0pt
* \headsep=25.0pt
* \topskip=10.0pt
* \footskip=30.0pt
* \marginparwidth=36.135pt
* \marginparsep=11.0pt
* \columnsep=10.0pt
* \skip\footins=9.0pt plus 4.0pt minus 2.0pt
* \hoffset=0.0pt
* \voffset=0.0pt
* \mag=1000
* \@twocolumnfalse
* \@twosidetrue
* \@mparswitchtrue
* \@reversemarginfalse
* (1in=72.27pt=25.4mm, 1cm=28.453pt)

\AtBeginShipoutBox=\box126
Package hyperref Info: Link coloring ON on input line 96.
(/usr/share/texlive/texmf-dist/tex/latex/hyperref/nameref.sty
Package: nameref 2019/09/16 v2.46 Cross-referencing by name of section

(/usr/share/texlive/texmf-dist/tex/latex/refcount/refcount.sty
Package: refcount 2019/12/15 v3.6 Data extraction from label references (HO)
)
(/usr/share/texlive/texmf-dist/tex/generic/gettitlestring/gettitlestring.sty
Package: gettitlestring 2019/12/15 v1.6 Cleanup title references (HO)
)
\c@section@level=\count346
)
LaTeX Info: Redefining \ref on input line 96.
LaTeX Info: Redefining \pageref on input line 96.
LaTeX Info: Redefining \nameref on input line 96.
\@outlinefile=\write6
\openout6 = `book.out'.



Package hyperref Warning: Rerun to get /PageLabels entry.

LaTeX Font Info:    Overwriting math alphabet `\mathrm' in version `normal'
(Font)                  OT1/cmr/m/n --> TU/FreeSerif(0)/m/n on input line 96.
LaTeX Font Info:    Overwriting math alphabet `\mathit' in version `normal'
(Font)                  OT1/cmr/m/it --> TU/FreeSerif(0)/m/it on input line 96.

LaTeX Font Info:    Overwriting math alphabet `\mathbf' in version `normal'
(Font)                  OT1/cmr/bx/n --> TU/FreeSerif(0)/b/n on input line 96.
LaTeX Font Info:    Overwriting math alphabet `\mathsf' in version `normal'
(Font)                  OT1/cmss/m/n --> TU/FreeSans(0)/m/n on input line 96.
LaTeX Font Info:    Overwriting math alphabet `\mathsf' in version `bold'
(Font)                  OT1/cmss/bx/n --> TU/FreeSans(0)/b/n on input line 96.
LaTeX Font Info:    Overwriting math alphabet `\mathtt' in version `normal'
(Font)                  OT1/cmtt/m/n --> TU/FreeMono(0)/m/n on input line 96.
LaTeX Font Info:    Overwriting math alphabet `\mathtt' in version `bold'
(Font)                  OT1/cmtt/m/n --> TU/FreeMono(0)/b/n on input line 96.

Package fontspec Info: Font family 'latinmodern-math.otf(0)' created for font
(fontspec)             'latinmodern-math.otf' with options
(fontspec)             [BoldItalicFont={},ItalicFont={},SmallCapsFont={},Script
=Math,BoldFont={latinmodern-math.otf}].
(fontspec)              
(fontspec)              This font family consists of the following NFSS
(fontspec)             series/shapes:
(fontspec)              
(fontspec)             - 'normal' (m/n) with NFSS spec.:
(fontspec)             <->"[latinmodern-math.otf]/OT:script=math;language=dflt;
"
(fontspec)             - 'small caps'  (m/sc) with NFSS spec.: 
(fontspec)             - 'bold' (b/n) with NFSS spec.:
(fontspec)             <->"[latinmodern-math.otf]/OT:script=math;language=dflt;
"
(fontspec)             - 'bold small caps'  (b/sc) with NFSS spec.: 


Package fontspec Info: Font family 'latinmodern-math.otf(1)' created for font
(fontspec)             'latinmodern-math.otf' with options
(fontspec)             [BoldItalicFont={},ItalicFont={},SmallCapsFont={},Script
=Math,SizeFeatures={{Size=8.5-},{Size=6-8.5,Font=latinmodern-math.otf,Style=Mat
hScript},{Size=-6,Font=latinmodern-math.otf,Style=MathScriptScript}},BoldFont={
latinmodern-math.otf}].
(fontspec)              
(fontspec)              This font family consists of the following NFSS
(fontspec)             series/shapes:
(fontspec)              
(fontspec)             - 'normal' (m/n) with NFSS spec.:
(fontspec)             <8.5->"[latinmodern-math.otf]/OT:script=math;language=df
lt;"<6-8.5>"[latinmodern-math.otf]/OT:script=math;language=dflt;+ssty=0;"<-6>"[
latinmodern-math.otf]/OT:script=math;language=dflt;+ssty=1;"
(fontspec)             - 'small caps'  (m/sc) with NFSS spec.: 
(fontspec)             - 'bold' (b/n) with NFSS spec.:
(fontspec)             <->"[latinmodern-math.otf]/OT:script=math;language=dflt;
"
(fontspec)             - 'bold small caps'  (b/sc) with NFSS spec.: 

LaTeX Font Info:    Encoding `OT1' has changed to `TU' for symbol font
(Font)              `operators' in the math version `normal' on input line 96.
LaTeX Font Info:    Overwriting symbol font `operators' in version `normal'
(Font)                  OT1/cmr/m/n --> TU/latinmodern-math.otf(1)/m/n on input
 line 96.
LaTeX Font Info:    Encoding `OT1' has changed to `TU' for symbol font
(Font)              `operators' in the math version `bold' on input line 96.
LaTeX Font Info:    Overwriting symbol font `operators' in version `bold'
(Font)                  OT1/cmr/bx/n --> TU/latinmodern-math.otf(1)/b/n on inpu
t line 96.

Package fontspec Info: latinmodern-math scale = 1.0001.


Package fontspec Info: latinmodern-math scale = 1.0001.


Package fontspec Info: latinmodern-math scale = 1.0001.


Package fontspec Info: latinmodern-math scale = 1.0001.


Package fontspec Info: latinmodern-math scale = 1.0001.


Package fontspec Info: Font family 'latinmodern-math.otf(2)' created for font
(fontspec)             'latinmodern-math.otf' with options
(fontspec)             [BoldItalicFont={},ItalicFont={},SmallCapsFont={},Script
=Math,SizeFeatures={{Size=8.5-},{Size=6-8.5,Font=latinmodern-math.otf,Style=Mat
hScript},{Size=-6,Font=latinmodern-math.otf,Style=MathScriptScript}},BoldFont={
latinmodern-math.otf},ScaleAgain=1.0001,FontAdjustment={\fontdimen
(fontspec)             8\font =6.77pt\relax \fontdimen 9\font =3.94pt\relax
(fontspec)             \fontdimen 10\font =4.44pt\relax \fontdimen 11\font
(fontspec)             =6.86pt\relax \fontdimen 12\font =3.45pt\relax
(fontspec)             \fontdimen 13\font =3.63pt\relax \fontdimen 14\font
(fontspec)             =3.63pt\relax \fontdimen 15\font =2.89pt\relax
(fontspec)             \fontdimen 16\font =2.47pt\relax \fontdimen 17\font
(fontspec)             =2.47pt\relax \fontdimen 18\font =2.5pt\relax
(fontspec)             \fontdimen 19\font =2.0pt\relax \fontdimen 22\font
(fontspec)             =2.5pt\relax \fontdimen 20\font =0pt\relax \fontdimen
(fontspec)             21\font =0pt\relax }].
(fontspec)              
(fontspec)              This font family consists of the following NFSS
(fontspec)             series/shapes:
(fontspec)              
(fontspec)             - 'normal' (m/n) with NFSS spec.:
(fontspec)             <8.5->s*[1.0001]"[latinmodern-math.otf]/OT:script=math;l
anguage=dflt;"<6-8.5>s*[1.0001]"[latinmodern-math.otf]/OT:script=math;language=
dflt;+ssty=0;"<-6>s*[1.0001]"[latinmodern-math.otf]/OT:script=math;language=dfl
t;+ssty=1;"
(fontspec)             - 'small caps'  (m/sc) with NFSS spec.: 
(fontspec)             and font adjustment code:
(fontspec)             \fontdimen 8\font =6.77pt\relax \fontdimen 9\font
(fontspec)             =3.94pt\relax \fontdimen 10\font =4.44pt\relax
(fontspec)             \fontdimen 11\font =6.86pt\relax \fontdimen 12\font
(fontspec)             =3.45pt\relax \fontdimen 13\font =3.63pt\relax
(fontspec)             \fontdimen 14\font =3.63pt\relax \fontdimen 15\font
(fontspec)             =2.89pt\relax \fontdimen 16\font =2.47pt\relax
(fontspec)             \fontdimen 17\font =2.47pt\relax \fontdimen 18\font
(fontspec)             =2.5pt\relax \fontdimen 19\font =2.0pt\relax \fontdimen
(fontspec)             22\font =2.5pt\relax \fontdimen 20\font =0pt\relax
(fontspec)             \fontdimen 21\font =0pt\relax 
(fontspec)             - 'bold' (b/n) with NFSS spec.:
(fontspec)             <->s*[1.0001]"[latinmodern-math.otf]/OT:script=math;lang
uage=dflt;"
(fontspec)             - 'bold small caps'  (b/sc) with NFSS spec.: 
(fontspec)             and font adjustment code:
(fontspec)             \fontdimen 8\font =6.77pt\relax \fontdimen 9\font
(fontspec)             =3.94pt\relax \fontdimen 10\font =4.44pt\relax
(fontspec)             \fontdimen 11\font =6.86pt\relax \fontdimen 12\font
(fontspec)             =3.45pt\relax \fontdimen 13\font =3.63pt\relax
(fontspec)             \fontdimen 14\font =3.63pt\relax \fontdimen 15\font
(fontspec)             =2.89pt\relax \fontdimen 16\font =2.47pt\relax
(fontspec)             \fontdimen 17\font =2.47pt\relax \fontdimen 18\font
(fontspec)             =2.5pt\relax \fontdimen 19\font =2.0pt\relax \fontdimen
(fontspec)             22\font =2.5pt\relax \fontdimen 20\font =0pt\relax
(fontspec)             \fontdimen 21\font =0pt\relax 

LaTeX Font Info:    Encoding `OMS' has changed to `TU' for symbol font
(Font)              `symbols' in the math version `normal' on input line 96.
LaTeX Font Info:    Overwriting symbol font `symbols' in version `normal'
(Font)                  OMS/cmsy/m/n --> TU/latinmodern-math.otf(2)/m/n on inpu
t line 96.
LaTeX Font Info:    Encoding `OMS' has changed to `TU' for symbol font
(Font)              `symbols' in the math version `bold' on input line 96.
LaTeX Font Info:    Overwriting symbol font `symbols' in version `bold'
(Font)                  OMS/cmsy/b/n --> TU/latinmodern-math.otf(2)/b/n on inpu
t line 96.

Package fontspec Info: latinmodern-math scale = 0.9999.


Package fontspec Info: latinmodern-math scale = 0.9999.


Package fontspec Info: latinmodern-math scale = 0.9999.


Package fontspec Info: latinmodern-math scale = 0.9999.


Package fontspec Info: latinmodern-math scale = 0.9999.


Package fontspec Info: Font family 'latinmodern-math.otf(3)' created for font
(fontspec)             'latinmodern-math.otf' with options
(fontspec)             [BoldItalicFont={},ItalicFont={},SmallCapsFont={},Script
=Math,SizeFeatures={{Size=8.5-},{Size=6-8.5,Font=latinmodern-math.otf,Style=Mat
hScript},{Size=-6,Font=latinmodern-math.otf,Style=MathScriptScript}},BoldFont={
latinmodern-math.otf},ScaleAgain=0.9999,FontAdjustment={\fontdimen
(fontspec)             8\font =0.4pt\relax \fontdimen 9\font =2.0pt\relax
(fontspec)             \fontdimen 10\font =1.67pt\relax \fontdimen 11\font
(fontspec)             =1.11pt\relax \fontdimen 12\font =6.0pt\relax
(fontspec)             \fontdimen 13\font =0pt\relax }].
(fontspec)              
(fontspec)              This font family consists of the following NFSS
(fontspec)             series/shapes:
(fontspec)              
(fontspec)             - 'normal' (m/n) with NFSS spec.:
(fontspec)             <8.5->s*[0.9999]"[latinmodern-math.otf]/OT:script=math;l
anguage=dflt;"<6-8.5>s*[0.9999]"[latinmodern-math.otf]/OT:script=math;language=
dflt;+ssty=0;"<-6>s*[0.9999]"[latinmodern-math.otf]/OT:script=math;language=dfl
t;+ssty=1;"
(fontspec)             - 'small caps'  (m/sc) with NFSS spec.: 
(fontspec)             and font adjustment code:
(fontspec)             \fontdimen 8\font =0.4pt\relax \fontdimen 9\font
(fontspec)             =2.0pt\relax \fontdimen 10\font =1.67pt\relax
(fontspec)             \fontdimen 11\font =1.11pt\relax \fontdimen 12\font
(fontspec)             =6.0pt\relax \fontdimen 13\font =0pt\relax 
(fontspec)             - 'bold' (b/n) with NFSS spec.:
(fontspec)             <->s*[0.9999]"[latinmodern-math.otf]/OT:script=math;lang
uage=dflt;"
(fontspec)             - 'bold small caps'  (b/sc) with NFSS spec.: 
(fontspec)             and font adjustment code:
(fontspec)             \fontdimen 8\font =0.4pt\relax \fontdimen 9\font
(fontspec)             =2.0pt\relax \fontdimen 10\font =1.67pt\relax
(fontspec)             \fontdimen 11\font =1.11pt\relax \fontdimen 12\font
(fontspec)             =6.0pt\relax \fontdimen 13\font =0pt\relax 

LaTeX Font Info:    Encoding `OMX' has changed to `TU' for symbol font
(Font)              `largesymbols' in the math version `normal' on input line 9
6.
LaTeX Font Info:    Overwriting symbol font `largesymbols' in version `normal'
(Font)                  OMX/cmex/m/n --> TU/latinmodern-math.otf(3)/m/n on inpu
t line 96.
LaTeX Font Info:    Encoding `OMX' has changed to `TU' for symbol font
(Font)              `largesymbols' in the math version `bold' on input line 96.

LaTeX Font Info:    Overwriting symbol font `largesymbols' in version `bold'
(Font)                  OMX/cmex/m/n --> TU/latinmodern-math.otf(3)/b/n on inpu
t line 96.
LaTeX Info: Redefining \rmfamily on input line 96.
LaTeX Info: Redefining \sffamily on input line 96.
LaTeX Info: Redefining \ttfamily on input line 96.
Package hyperref Info: Option `pageanchor' set `false' on input line 99.
(/usr/share/texlive/texmf-dist/tex/generic/stringenc/se-ascii-print.def
File: se-ascii-print.def 2019/11/29 v1.12 stringenc: Printable ASCII characters

)
LaTeX Font Info:    Font shape `TU/latinmodern-math.otf(2)/m/n' will be
(Font)              scaled to size 17.28183pt on input line 99.
LaTeX Font Info:    Font shape `TU/latinmodern-math.otf(2)/m/n' will be
(Font)              scaled to size 12.00128pt on input line 99.
LaTeX Font Info:    Font shape `TU/latinmodern-math.otf(2)/m/n' will be
(Font)              scaled to size 10.00107pt on input line 99.
LaTeX Font Info:    Font shape `TU/latinmodern-math.otf(3)/m/n' will be
(Font)              scaled to size 17.27815pt on input line 99.
LaTeX Font Info:    Font shape `TU/latinmodern-math.otf(3)/m/n' will be
(Font)              scaled to size 11.99872pt on input line 99.
LaTeX Font Info:    Font shape `TU/latinmodern-math.otf(3)/m/n' will be
(Font)              scaled to size 9.99893pt on input line 99.
LaTeX Font Info:    Trying to load font information for U+msa on input line 99.


(/usr/share/texlive/texmf-dist/tex/latex/amsfonts/umsa.fd
File: umsa.fd 2013/01/14 v3.01 AMS symbols A
)
LaTeX Font Info:    Trying to load font information for U+msb on input line 99.


(/usr/share/texlive/texmf-dist/tex/latex/amsfonts/umsb.fd
File: umsb.fd 2013/01/14 v3.01 AMS symbols B
)
LaTeX Font Info:    Trying to load font information for U+rsfs on input line 99
.

(/usr/share/texlive/texmf-dist/tex/latex/jknapltx/ursfs.fd
File: ursfs.fd 1998/03/24 rsfs font definition file (jk)
) [1

] [2


]
\tf@toc=\write7
\openout7 = `book.toc'.

 [1

]
[2

]

LaTeX Warning: Hyper reference `polimi/fluidmechanics-ita/template/capitoli/01_
statica/02teoria::doc' on page 1 undefined on input line 119.


LaTeX Warning: Hyper reference `polimi/fluidmechanics-ita/template/capitoli/02_
tensSup/03teoria::doc' on page 1 undefined on input line 123.


LaTeX Warning: Hyper reference `polimi/fluidmechanics-ita/template/capitoli/03_
cinematica/12teoria::doc' on page 1 undefined on input line 127.


LaTeX Warning: Hyper reference `polimi/fluidmechanics-ita/template/capitoli/04_
bilanci/04teoria::doc' on page 1 undefined on input line 131.


LaTeX Warning: Hyper reference `polimi/fluidmechanics-ita/template/capitoli/05_
bernoulli/05teoria::doc' on page 1 undefined on input line 135.


LaTeX Warning: Hyper reference `polimi/fluidmechanics-ita/template/capitoli/06_
slnEsatte/0600in::doc' on page 1 undefined on input line 139.


LaTeX Warning: Hyper reference `polimi/fluidmechanics-ita/template/capitoli/07_
similitudine/07teoria::doc' on page 1 undefined on input line 143.


LaTeX Warning: Hyper reference `polimi/fluidmechanics-ita/template/capitoli/08_
aerodinamica/08teoria::doc' on page 1 undefined on input line 147.


LaTeX Warning: Hyper reference `polimi/fluidmechanics-ita/template/capitoli/09_
bl/09teoria::doc' on page 1 undefined on input line 151.


LaTeX Warning: Hyper reference `polimi/fluidmechanics-ita/template/capitoli/10_
turbolenza/10teoria::doc' on page 1 undefined on input line 155.


LaTeX Warning: Hyper reference `ch/compressible/intro::doc' on page 1 undefined
 on input line 167.


LaTeX Warning: Hyper reference `ch/compressible/governing-equations::doc' on pa
ge 1 undefined on input line 171.


LaTeX Warning: Hyper reference `ch/compressible/thermodynamics::doc' on page 1 
undefined on input line 175.


LaTeX Warning: Hyper reference `ch/compressible/jump-conditions::doc' on page 1
 undefined on input line 179.


LaTeX Warning: Hyper reference `ch/compressible/bernoulli::doc' on page 1 undef
ined on input line 183.


LaTeX Warning: Hyper reference `ch/compressible/vorticity::doc' on page 1 undef
ined on input line 187.


LaTeX Warning: Hyper reference `ch/compressible/entropy::doc' on page 1 undefin
ed on input line 191.


LaTeX Warning: Hyper reference `ch/compressible/potential-equation::doc' on pag
e 1 undefined on input line 195.


LaTeX Warning: Hyper reference `ch/compressible/canonical-flows::doc' on page 1
 undefined on input line 199.


LaTeX Warning: Hyper reference `ch/compressible/riemann-problem::doc' on page 1
 undefined on input line 203.


LaTeX Warning: Hyper reference `ch/compressible/characteristics::doc' on page 1
 undefined on input line 207.


LaTeX Warning: Hyper reference `ch/compressible/steady-2d::doc' on page 1 undef
ined on input line 211.


LaTeX Warning: Hyper reference `ch/compressible/acoustics::doc' on page 1 undef
ined on input line 215.

LaTeX Info: Redefining \rmfamily on input line 223.
LaTeX Info: Redefining \sffamily on input line 223.
LaTeX Info: Redefining \ttfamily on input line 223.
[1]
LaTeX Info: Redefining \rmfamily on input line 223.
LaTeX Info: Redefining \sffamily on input line 223.
LaTeX Info: Redefining \ttfamily on input line 223.
 [2

] [3] [4]
Capitolo 1.
LaTeX Font Info:    Font shape `TU/latinmodern-math.otf(2)/m/n' will be
(Font)              scaled to size 7.00075pt on input line 240.
LaTeX Font Info:    Font shape `TU/latinmodern-math.otf(2)/m/n' will be
(Font)              scaled to size 5.00053pt on input line 240.
LaTeX Font Info:    Font shape `TU/latinmodern-math.otf(3)/m/n' will be
(Font)              scaled to size 6.99925pt on input line 240.
LaTeX Font Info:    Font shape `TU/latinmodern-math.otf(3)/m/n' will be
(Font)              scaled to size 4.99947pt on input line 240.
[5

]
LaTeX Font Info:    Font shape `TU/latinmodern-math.otf(2)/m/n' will be
(Font)              scaled to size 8.00085pt on input line 365.
LaTeX Font Info:    Font shape `TU/latinmodern-math.otf(2)/m/n' will be
(Font)              scaled to size 6.00064pt on input line 365.
LaTeX Font Info:    Font shape `TU/latinmodern-math.otf(3)/m/n' will be
(Font)              scaled to size 7.99915pt on input line 365.
LaTeX Font Info:    Font shape `TU/latinmodern-math.otf(3)/m/n' will be
(Font)              scaled to size 5.99936pt on input line 365.
LaTeX Info: Redefining \rmfamily on input line 381.
LaTeX Info: Redefining \sffamily on input line 381.
LaTeX Info: Redefining \ttfamily on input line 381.
 [6]
LaTeX Info: Redefining \rmfamily on input line 464.
LaTeX Info: Redefining \sffamily on input line 464.
LaTeX Info: Redefining \ttfamily on input line 464.
 [7]
LaTeX Info: Redefining \rmfamily on input line 547.
LaTeX Info: Redefining \sffamily on input line 547.
LaTeX Info: Redefining \ttfamily on input line 547.
 [8]
LaTeX Info: Redefining \rmfamily on input line 578.
LaTeX Info: Redefining \sffamily on input line 578.
LaTeX Info: Redefining \ttfamily on input line 578.
 [9]
File: recipientesfera.png Graphic file (type bmp)
<recipientesfera.png>
File: recipientiariaolio.png Graphic file (type bmp)
<recipientiariaolio.png>
LaTeX Info: Redefining \rmfamily on input line 789.
LaTeX Info: Redefining \sffamily on input line 789.
LaTeX Info: Redefining \ttfamily on input line 789.
 [10]
File: diga2.png Graphic file (type bmp)
<diga2.png>
File: tubimultipli.png Graphic file (type bmp)
<tubimultipli.png>
LaTeX Info: Redefining \rmfamily on input line 948.
LaTeX Info: Redefining \sffamily on input line 948.
LaTeX Info: Redefining \ttfamily on input line 948.
 [11]
File: leva_idraulica1.png Graphic file (type bmp)
<leva_idraulica1.png>
LaTeX Info: Redefining \rmfamily on input line 1042.
LaTeX Info: Redefining \sffamily on input line 1042.
LaTeX Info: Redefining \ttfamily on input line 1042.
 [12]
File: manometro.png Graphic file (type bmp)
<manometro.png>
LaTeX Info: Redefining \rmfamily on input line 1109.
LaTeX Info: Redefining \sffamily on input line 1109.
LaTeX Info: Redefining \ttfamily on input line 1109.
 [13]
LaTeX Info: Redefining \rmfamily on input line 1109.
LaTeX Info: Redefining \sffamily on input line 1109.
LaTeX Info: Redefining \ttfamily on input line 1109.
 [14]
File: recipientesfera.png Graphic file (type bmp)
<recipientesfera.png>
LaTeX Info: Redefining \rmfamily on input line 1261.
LaTeX Info: Redefining \sffamily on input line 1261.
LaTeX Info: Redefining \ttfamily on input line 1261.
 [15]
LaTeX Info: Redefining \rmfamily on input line 1333.
LaTeX Info: Redefining \sffamily on input line 1333.
LaTeX Info: Redefining \ttfamily on input line 1333.
 [16]
File: recipientiariaolio.png Graphic file (type bmp)
<recipientiariaolio.png>
File: diga2.png Graphic file (type bmp)
<diga2.png>
LaTeX Info: Redefining \rmfamily on input line 1531.
LaTeX Info: Redefining \sffamily on input line 1531.
LaTeX Info: Redefining \ttfamily on input line 1531.
 [17]
LaTeX Info: Redefining \rmfamily on input line 1584.
LaTeX Info: Redefining \sffamily on input line 1584.
LaTeX Info: Redefining \ttfamily on input line 1584.
 [18]
File: tubimultipli.png Graphic file (type bmp)
<tubimultipli.png>
LaTeX Info: Redefining \rmfamily on input line 1698.
LaTeX Info: Redefining \sffamily on input line 1698.
LaTeX Info: Redefining \ttfamily on input line 1698.
 [19]
File: leva_idraulica1.png Graphic file (type bmp)
<leva_idraulica1.png>
LaTeX Info: Redefining \rmfamily on input line 1816.
LaTeX Info: Redefining \sffamily on input line 1816.
LaTeX Info: Redefining \ttfamily on input line 1816.
 [20]
LaTeX Info: Redefining \rmfamily on input line 1851.
LaTeX Info: Redefining \sffamily on input line 1851.
LaTeX Info: Redefining \ttfamily on input line 1851.

[21]
File: manometro.png Graphic file (type bmp)
<manometro.png>
LaTeX Info: Redefining \rmfamily on input line 1943.
LaTeX Info: Redefining \sffamily on input line 1943.
LaTeX Info: Redefining \ttfamily on input line 1943.
 [22]
LaTeX Info: Redefining \rmfamily on input line 2040.
LaTeX Info: Redefining \sffamily on input line 2040.
LaTeX Info: Redefining \ttfamily on input line 2040.
 [23]
LaTeX Info: Redefining \rmfamily on input line 2040.
LaTeX Info: Redefining \sffamily on input line 2040.
LaTeX Info: Redefining \ttfamily on input line 2040.
 [24

]
Capitolo 2.
File: laplaceYoung2Ddim.png Graphic file (type bmp)
<laplaceYoung2Ddim.png>
[25]
Missing character: There is no 𝛾 in font [FreeSerifBold.otf]/OT:script=latn;lan
guage=dflt;!
Missing character: There is no 𝛾 in font [FreeSerifBold.otf]/OT:script=latn;lan
guage=dflt;!
Missing character: There is no 𝛾 in font [FreeSerifBold.otf]/OT:script=latn;lan
guage=dflt;!
Missing character: There is no 𝛾 in font [FreeSerifBold.otf]/OT:script=latn;lan
guage=dflt;!
Missing character: There is no 𝛾 in font [FreeSerifBold.otf]/OT:script=latn;lan
guage=dflt;!
Missing character: There is no 𝛾 in font [FreeSerifBold.otf]/OT:script=latn;lan
guage=dflt;!
LaTeX Info: Redefining \rmfamily on input line 2087.
LaTeX Info: Redefining \sffamily on input line 2087.
LaTeX Info: Redefining \ttfamily on input line 2087.
 [26]
File: cap01.png Graphic file (type bmp)
<cap01.png>
LaTeX Info: Redefining \rmfamily on input line 2236.
LaTeX Info: Redefining \sffamily on input line 2236.
LaTeX Info: Redefining \ttfamily on input line 2236.
 [27]
File: Plates4.png Graphic file (type bmp)
<Plates4.png>
LaTeX Info: Redefining \rmfamily on input line 2318.
LaTeX Info: Redefining \sffamily on input line 2318.
LaTeX Info: Redefining \ttfamily on input line 2318.
 [28]
File: freeSurfaceShape.png Graphic file (type bmp)
<freeSurfaceShape.png>
LaTeX Info: Redefining \rmfamily on input line 2379.
LaTeX Info: Redefining \sffamily on input line 2379.
LaTeX Info: Redefining \ttfamily on input line 2379.
 [29]
File: cap01.png Graphic file (type bmp)
<cap01.png>
LaTeX Info: Redefining \rmfamily on input line 2490.
LaTeX Info: Redefining \sffamily on input line 2490.
LaTeX Info: Redefining \ttfamily on input line 2490.
 [30]
File: menisco-0.png Graphic file (type bmp)
<menisco-0.png>
File: cap02-0.png Graphic file (type bmp)
<cap02-0.png>
File: equil-0.png Graphic file (type bmp)
<equil-0.png>
File: menisco-0.png Graphic file (type bmp)
<menisco-0.png>
File: cap02-0.png Graphic file (type bmp)
<cap02-0.png>
File: equil-0.png Graphic file (type bmp)
<equil-0.png>
File: Plates4.png Graphic file (type bmp)
<Plates4.png>
LaTeX Info: Redefining \rmfamily on input line 2658.
LaTeX Info: Redefining \sffamily on input line 2658.
LaTeX Info: Redefining \ttfamily on input line 2658.
 [31]
File: sup01.png Graphic file (type bmp)
<sup01.png>
LaTeX Info: Redefining \rmfamily on input line 2695.
LaTeX Info: Redefining \sffamily on input line 2695.
LaTeX Info: Redefining \ttfamily on input line 2695.
 [32]
File: freeSurfaceShape.png Graphic file (type bmp)
<freeSurfaceShape.png>
LaTeX Info: Redefining \rmfamily on input line 2778.
LaTeX Info: Redefining \sffamily on input line 2778.
LaTeX Info: Redefining \ttfamily on input line 2778.
 [33]
LaTeX Info: Redefining \rmfamily on input line 2817.
LaTeX Info: Redefining \sffamily on input line 2817.
LaTeX Info: Redefining \ttfamily on input line 2817.
 [34]
LaTeX Info: Redefining \rmfamily on input line 2856.
LaTeX Info: Redefining \sffamily on input line 2856.
LaTeX Info: Redefining \ttfamily on input line 2856.
 [35]
LaTeX Info: Redefining \rmfamily on input line 2856.
LaTeX Info: Redefining \sffamily on input line 2856.
LaTeX Info: Redefining \ttfamily on input line 2856.
 [36

]
Capitolo 3.
[37]
LaTeX Info: Redefining \rmfamily on input line 3011.
LaTeX Info: Redefining \sffamily on input line 3011.
LaTeX Info: Redefining \ttfamily on input line 3011.
 [38]
Missing character: There is no 𝜒 in font [FreeSerifBold.otf]/OT:script=latn;lan
guage=dflt;!
Missing character: There is no 𝜒 in font [FreeSerifBold.otf]/OT:script=latn;lan
guage=dflt;!
Missing character: There is no 𝜒 in font [FreeSerifBold.otf]/OT:script=latn;lan
guage=dflt;!
Missing character: There is no 𝜒 in font [FreeSerifBold.otf]/OT:script=latn;lan
guage=dflt;!
LaTeX Info: Redefining \rmfamily on input line 3102.
LaTeX Info: Redefining \sffamily on input line 3102.
LaTeX Info: Redefining \ttfamily on input line 3102.
 [39]
Missing character: There is no 𝜒 in font [FreeSerifBold.otf]/OT:script=latn;lan
guage=dflt;!
Missing character: There is no 𝜒 in font [FreeSerifBold.otf]/OT:script=latn;lan
guage=dflt;!
Missing character: There is no 𝜒 in font [FreeSerifBold.otf]/OT:script=latn;lan
guage=dflt;!

Underfull \hbox (badness 10000) in paragraph at lines 3110--3118
\TU/FreeSerif(0)/m/n/10 e, confrontando la ([eqn:cin:lagr-eul]{reference-type=»
ref» reference=»eqn:cin:lagr-eul»}) e la ([eqn:cin:ale-
 []

Missing character: There is no 𝜒 in font [FreeSerifBold.otf]/OT:script=latn;lan
guage=dflt;!
Missing character: There is no 𝜒 in font [FreeSerifBold.otf]/OT:script=latn;lan
guage=dflt;!
LaTeX Info: Redefining \rmfamily on input line 3176.
LaTeX Info: Redefining \sffamily on input line 3176.
LaTeX Info: Redefining \ttfamily on input line 3176.
[40]
Missing character: There is no 𝜔 in font [FreeSerifBold.otf]/OT:script=latn;lan
guage=dflt;!
Missing character: There is no 𝜔 in font [FreeSerifBold.otf]/OT:script=latn;lan
guage=dflt;!
Missing character: There is no 𝜔 in font [FreeSerifBold.otf]/OT:script=latn;lan
guage=dflt;!
Missing character: There is no 𝛺 in font [FreeSerifBold.otf]/OT:script=latn;lan
guage=dflt;!
Missing character: There is no 𝛺 in font [FreeSerifBold.otf]/OT:script=latn;lan
guage=dflt;!
Missing character: There is no 𝜔 in font [FreeSerifBold.otf]/OT:script=latn;lan
guage=dflt;!
Missing character: There is no 𝜔 in font [FreeSerifBold.otf]/OT:script=latn;lan
guage=dflt;!
Missing character: There is no 𝛺 in font [FreeSerifBold.otf]/OT:script=latn;lan
guage=dflt;!
Missing character: There is no 𝜔 in font [FreeSerifBold.otf]/OT:script=latn;lan
guage=dflt;!
LaTeX Info: Redefining \rmfamily on input line 3265.
LaTeX Info: Redefining \sffamily on input line 3265.
LaTeX Info: Redefining \ttfamily on input line 3265.
 [41]
Missing character: There is no 𝜔 in font [FreeSerifBold.otf]/OT:script=latn;lan
guage=dflt;!
Missing character: There is no 𝜔 in font [FreeSerifBold.otf]/OT:script=latn;lan
guage=dflt;!
Missing character: There is no 𝜔 in font [FreeSerifBold.otf]/OT:script=latn;lan
guage=dflt;!
Missing character: There is no 𝜔 in font [FreeSerifBold.otf]/OT:script=latn;lan
guage=dflt;!
Missing character: There is no 𝜔 in font [FreeSerifBold.otf]/OT:script=latn;lan
guage=dflt;!
LaTeX Info: Redefining \rmfamily on input line 3378.
LaTeX Info: Redefining \sffamily on input line 3378.
LaTeX Info: Redefining \ttfamily on input line 3378.
 [42]
Missing character: There is no 𝜔 in font [FreeSerifBold.otf]/OT:script=latn;lan
guage=dflt;!
Missing character: There is no 𝜔 in font [FreeSerifBold.otf]/OT:script=latn;lan
guage=dflt;!
Missing character: There is no 𝜔 in font [FreeSerifBold.otf]/OT:script=latn;lan
guage=dflt;!
Missing character: There is no 𝜔 in font [FreeSerifBold.otf]/OT:script=latn;lan
guage=dflt;!
LaTeX Info: Redefining \rmfamily on input line 3483.
LaTeX Info: Redefining \sffamily on input line 3483.
LaTeX Info: Redefining \ttfamily on input line 3483.
 [43]
LaTeX Info: Redefining \rmfamily on input line 3707.
LaTeX Info: Redefining \sffamily on input line 3707.
LaTeX Info: Redefining \ttfamily on input line 3707.
 [44]
! Undefined control sequence.
l.3864 ...ica in funzione di \(t\), \(t_0\), \(\bm
                                                  {R_0}(p) = (x_0(p), y_0(p)...

? 
! Undefined control sequence.
l.3870 \(\bm
            {S}(p) = X(p) \bm{\hat{x}} + Y(p) \bm{\hat{y}}\) viene scritta
? 
! Undefined control sequence.
l.3870 \(\bm{S}(p) = X(p) \bm
                             {\hat{x}} + Y(p) \bm{\hat{y}}\) viene scritta
? 
! Undefined control sequence.
l.3870 \(\bm{S}(p) = X(p) \bm{\hat{x}} + Y(p) \bm
                                                 {\hat{y}}\) viene scritta
? 

Underfull \hbox (badness 10000) in paragraph at lines 3876--3887
[][][][][][] [] []$$[][][][][][][][][][][][][][][][][][][][][][][][][][][][][][
][][][][] [][][][][][][][][][][][][][][][][][][][][][][][][][][][][][][][][][]$
\TU/FreeSerif(0)/m/n/10 (X(p_0),
 []


Underfull \hbox (badness 10000) in paragraph at lines 3876--3887
\TU/FreeSerif(0)/m/n/10 Y(p_0)) = (x_0, y_0)$[] [][][][][][][][][][][][][][][][
][][][][][][][][][] [] [][][][][][][][][][][][][][][][]$$[] [] [][] [] [][] []
 []


Overfull \hbox (217.50497pt too wide) in paragraph at lines 3876--3887
[][][][] []$$[][][][][][][][][][][][][][][][][] [][][][][][][][][][][][][][][][
][][][][][][][][][][][][][][][][][][][][][][][][][][][][][][][][][][][][][][][]
[][][][][][][][][][]$\TU/FreeSerif(0)/m/n/10 x$[]$y$[] [][][][][][][][][][][][]
[][][][][][][][][][] [][][][][][][][][][][][][][][][][][][][][][][][][][]$t$,
 []

! Undefined control sequence.
l.3905   x(t;\bm
                {R}_0,t_0) = x_0 + 3(t-t_0) \\
? 
! Undefined control sequence.
l.3906   y(t;\bm
                {R}_0,t_0) = y_0 +\frac{3}{2} (t^2 -t_0^2) \ . \\
? 
! Undefined control sequence.
l.3911  y(x;\bm
               {R_0},t_0) = \dfrac{1}{6}x^2 + \left[ -\dfrac{1}{3}x_0 +t_0 \...

? 

Underfull \hbox (badness 6808) in paragraph at lines 3889--3917
\TU/FreeSerif(0)/m/n/10 trica risolvendo il problema ai valori iniziali che le 
definisce. In un secondo momento viene ri-
 []


Underfull \hbox (badness 10000) in paragraph at lines 3889--3917
\TU/FreeSerif(0)/m/n/10 cavata la loro equazione in \TU/FreeSerif(0)/m/it/10 fo
rma cartesiana\TU/FreeSerif(0)/m/n/10 , esplicitando il parametro in funzione d
i una del-
 []


Underfull \hbox (badness 6300) in paragraph at lines 3889--3917
\TU/FreeSerif(0)/m/n/10 le due coordinate spaziali, esplicitando il parametro i
n funzione di una delle due coordinate spa-
 []


Underfull \hbox (badness 10000) in paragraph at lines 3889--3917
\TU/FreeSerif(0)/m/n/10 ziali. Per le traiettorie, parametrizzate con $[]$, si 
ottiene $$[][]  []
 []


Underfull \hbox (badness 10000) in paragraph at lines 3889--3917
[]$$[][][][][][][][][][][][]$\TU/FreeSerif(0)/m/n/10 t$[][][][][][][][][][][][]
$x$[]$$[] [] [][] []
 []


Underfull \hbox (badness 10000) in paragraph at lines 3889--3917
[] []$$[][][][][][][][][][][][][][][][][][][][][][][][][][][]$\TU/FreeSerif(0)/
m/n/10 y$[][][][][][][][][][][][][][][][][][][][][][][][][][][][][][][][][][][]
[][][]$$[][][][][] [][] [][][] []
 []

! Undefined control sequence.
l.3923   x(t_0;t,\bm
                    {R}_0) = x_0 + 3(t-t_0) \\
? 
! Undefined control sequence.
l.3924   y(t_0;t,\bm
                    {R}_0) = y_0 +\frac{3}{2} (t^2 -t_0^2) \ . \\
? 
LaTeX Info: Redefining \rmfamily on input line 3926.
LaTeX Info: Redefining \sffamily on input line 3926.
LaTeX Info: Redefining \ttfamily on input line 3926.
[45]
! Undefined control sequence.
l.3932  y(x;\bm
               {R_0},t) = -\dfrac{1}{6}x^2 + \left[ \dfrac{1}{3}x_0 +t \righ...

? 

Overfull \hbox (116.12598pt too wide) in paragraph at lines 3927--3938
[]\TU/FreeSerif(0)/m/n/10 Esplicitando $[][]$ in funzione di $[]$, $$[][] [] []
 [] [] []$$[][][][][][][][][][][][][][][][][][][][][][][][][][][]$y$[][][][][][
][][][][][][][][][][][][][][][][][][][][][][][][][][][][][][][][]$$[][][][][] [
][] [][] []
 []

! Undefined control sequence.
l.3943   x(\bm
              {R}_0;t,t_0) = x_0 + 3(t-t_0) \\
? 
! Undefined control sequence.
l.3944   y(\bm
              {R}_0;t,t_0) = y_0 +\frac{3}{2} (t^2 -t_0^2) \ . \\
? 
! Undefined control sequence.
l.3949 descritto in forma paramterica come \$\(\bm
                                                  {R_0}(p) = \begin{cases}
? 
Missing character: There is no è in font cmmi10!
Missing character: There is no è in font cmmi10!
! Undefined control sequence.
l.3954 sono parametri fissi) è quindi \)\(\bm
                                             {R}(\bm{R_0}(p),t,t_0) =
? 
! Undefined control sequence.
l.3954 ...parametri fissi) è quindi \)\(\bm{R}(\bm
                                                  {R_0}(p),t,t_0) =
? 
Missing character: There is no ù in font cmmi10!

Underfull \hbox (badness 10000) in paragraph at lines 3947--3961
[]\TU/FreeSerif(0)/m/n/10 Il segmento che unisce l’origine al punto $[][][][] [
][][] [] [][][] [][]$ è de-
 []


Underfull \hbox (badness 10000) in paragraph at lines 3947--3961
\TU/FreeSerif(0)/m/n/10 scritto in forma paramterica come $$[][][][] [] [] []  
[] []
 []


Overfull \hbox (120.78279pt too wide) in paragraph at lines 3947--3961
[][][] [][] []$$[][][][][][][][][][][][][][][][][][][][][][][][][][][][][][]$\T
U/FreeSerif(0)/m/n/10 p$[][][][][][][][][][][][][][][][][][][][][][][][][][][][
][][] [][][][][][]$t$[]$t_0$[][][][][][][][][][][][][][][][][][][][][][][][][]$
$[][][][][][][] [][] [][][] []
 []


Overfull \hbox (144.58617pt too wide) in paragraph at lines 3947--3961
[] []  [] [] [][][] [][] []$$[][][][][][][][][][][][][][][][][][][][][][][][][]
[][][][][][][][][][][][][][][][][][][][][][] [][][][][][][][][][][][][][][][][]
[][][][][][][][][][][][]$\TU/FreeSerif(0)/m/n/10 \left(3(t-
 []


Underfull \hbox (badness 10000) in paragraph at lines 4043--4055
[]$[][][][] [] []$ \TU/FreeSerif(0)/m/n/10 dalla prima equazione e inserendolo 
nella seconda. Integran-
 []


Underfull \hbox (badness 10000) in paragraph at lines 4043--4055
\TU/FreeSerif(0)/m/n/10 do tra $[][]$ e $[]$, dopo aver semplificato i fattori 
$[][]$, si ottiene (derivare per credere)
 []


Underfull \hbox (badness 10000) in paragraph at lines 4043--4055
\TU/FreeSerif(0)/m/n/10 $$[] [] [][] [] [][][] [] [] [] [] [] []$$$$ []  [][][]
[][][][][] []
 []


Overfull \hbox (468.4277pt too wide) in paragraph at lines 4043--4055
[][][][][][][][][][]$$[][][][][][][][][][][][][][][][][][][][][][][][][][][][][
][][][][][][][][][][][][][][][][][][][][][][][][][][][][][][][][][][][][][][][]
[][][][][][][][][][][][][][][][][][][][][][][][][][][][][][][][][][][][][][][][
][][][][][][][][] [][][][][][][][][][][][][][][][][][][]$\TU/FreeSerif(0)/m/n/1
0 X(p)$[]$Y(p)$[][][][][][][][][][][][][][][][][][][][][][][][][][][][][][]$X(p
)$[]$Y(p)$
 []

! Undefined control sequence.
l.4085   x(t;\bm
                {r_0},t_0) = x_0 e^{2A(t-t_0)} \\
? 
! Undefined control sequence.
l.4086   y(t;\bm
                {r_0},t_0) = y_0 e^{-2A(t-t_0)} \\
? 
LaTeX Info: Redefining \rmfamily on input line 4089.
LaTeX Info: Redefining \sffamily on input line 4089.
LaTeX Info: Redefining \ttfamily on input line 4089.
[46]
! Undefined control sequence.
l.4094   x(t_0;t,\bm
                    {r_0}) = x_0 e^{2A(t-t_0)} \\
? 
! Undefined control sequence.
l.4095   y(t_0;t,\bm
                    {r_0}) = y_0 e^{-2A(t-t_0)} \\
? 
Missing character: There is no è in font cmmi10!

Underfull \hbox (badness 10000) in paragraph at lines 4189--4209
[]\TU/FreeSerif(0)/b/n/10 Suggerimento. \TU/FreeSerif(0)/m/n/10 Le componenti $
[]$ e $[]$ del sistema sono accoppiate tra di lo-
 []


Underfull \hbox (badness 10000) in paragraph at lines 4189--4209
\TU/FreeSerif(0)/m/n/10 ro. Risolvendo il sistema per le \TU/FreeSerif(0)/b/n/1
0 linee di corrente\TU/FreeSerif(0)/m/n/10 , $$[]  []
 []


Overfull \hbox (262.66464pt too wide) in paragraph at lines 4189--4209
\TU/FreeSerif(0)/m/n/10 = R^2$[][][][]$R^2 = X(p_0)^2 + Y(p_0)^2$[] [][][][][][
][][][][][][][][][][][][][][][][][][][][][][][][][][][][]$$[]$$[][][][][][][][]
[][][][][][][][][][][][][][][][][][][][][] [][][][][][][][][][][][][][][][][][]
[][][][][][][][][][]$\lambda(p)
 []

! Undefined control sequence.
l.4218   x(t,\bm
                {r_0},t_0) = A \sin(3t) - B \cos(3t) \\
? 
! Undefined control sequence.
l.4219   y(t,\bm
                {r_0},t_0) = A \cos(3t) + B \sin(3t) \\
? 
! Undefined control sequence.
l.4220   z(t,\bm
                {r_0},t_0) = z_0 + \dfrac{t^2 - t_0^2}{ 2 } \ .  \\
? 
Missing character: There is no ò in font cmmi10!
! Undefined control sequence.
l.4226   x(t,\bm
                {r_0},t_0) = x_0 \cos(3(t-t_0)) + y_0 \sin(3(t-t_0)) \\
? 
! Undefined control sequence.
l.4227   y(t,\bm
                {r_0},t_0) =-x_0 \sin(3(t-t_0)) + y_0 \cos(3(t-t_0)) \\
? 
! Undefined control sequence.
l.4228   z(t,\bm
                {r_0},t_0) = z_0 + \dfrac{t^2 - t_0^2}{ 2 } \ .  \\
? 

Overfull \hbox (334.3451pt too wide) in paragraph at lines 4210--4230
\TU/FreeSerif(0)/m/n/10 ma di Cauchy $$[]$$[][][][][][][][][]$$[]$$[][][][][][]
[][][][][][][][][][][][][][][][][][][][][][][][][][]$A$[]$B$[][][][][][][][][][
][][][][][][][][][][][][][][][][][][][][][][][][][][][][][][][][][][][][]$$[] [
]
 []


Overfull \hbox (314.81139pt too wide) in paragraph at lines 4210--4230
[][] [][][][][][] [] [][] [][][][][][] []  [] [] [][] [][][][][][] [] [][] [][]
[][][][] []$$[][][][][][][][][][][][][][][][][][][][][][][][][][][][][][][][][]
[][][][][][][][][][][][][][][][][][][][][][][][][][][][][]$$[]$\TU/FreeSerif(0)
/m/n/10 $ 
 []

LaTeX Info: Redefining \rmfamily on input line 4234.
LaTeX Info: Redefining \sffamily on input line 4234.
LaTeX Info: Redefining \ttfamily on input line 4234.
[47]
LaTeX Info: Redefining \rmfamily on input line 4302.
LaTeX Info: Redefining \sffamily on input line 4302.
LaTeX Info: Redefining \ttfamily on input line 4302.
 [48]
Capitolo 4.
[49

]
LaTeX Info: Redefining \rmfamily on input line 4426.
LaTeX Info: Redefining \sffamily on input line 4426.
LaTeX Info: Redefining \ttfamily on input line 4426.
 [50]
LaTeX Info: Redefining \rmfamily on input line 4493.
LaTeX Info: Redefining \sffamily on input line 4493.
LaTeX Info: Redefining \ttfamily on input line 4493.
 [51]
LaTeX Info: Redefining \rmfamily on input line 4586.
LaTeX Info: Redefining \sffamily on input line 4586.
LaTeX Info: Redefining \ttfamily on input line 4586.
 [52]
LaTeX Info: Redefining \rmfamily on input line 4638.
LaTeX Info: Redefining \sffamily on input line 4638.
LaTeX Info: Redefining \ttfamily on input line 4638.
 [53]
Missing character: There is no 𝜔 in font [FreeSerifBold.otf]/OT:script=latn;lan
guage=dflt;!
LaTeX Info: Redefining \rmfamily on input line 4722.
LaTeX Info: Redefining \sffamily on input line 4722.
LaTeX Info: Redefining \ttfamily on input line 4722.
 [54]
Missing character: There is no 𝜔 in font [FreeSerifBold.otf]/OT:script=latn;lan
guage=dflt;!
Missing character: There is no 𝜔 in font [FreeSerifBold.otf]/OT:script=latn;lan
guage=dflt;!
Missing character: There is no 𝜔 in font [FreeSerifBold.otf]/OT:script=latn;lan
guage=dflt;!
Missing character: There is no 𝜔 in font [FreeSerifBold.otf]/OT:script=latn;lan
guage=dflt;!
Missing character: There is no 𝜔 in font [FreeSerifBold.otf]/OT:script=latn;lan
guage=dflt;!
Missing character: There is no 𝜔 in font [FreeSerifBold.otf]/OT:script=latn;lan
guage=dflt;!
Missing character: There is no 𝜔 in font [FreeSerifBold.otf]/OT:script=latn;lan
guage=dflt;!
Missing character: There is no 𝜔 in font [FreeSerifBold.otf]/OT:script=latn;lan
guage=dflt;!
Missing character: There is no 𝜔 in font [FreeSerifBold.otf]/OT:script=latn;lan
guage=dflt;!
Missing character: There is no 𝜔 in font [FreeSerifBold.otf]/OT:script=latn;lan
guage=dflt;!
Missing character: There is no 𝜔 in font [FreeSerifBold.otf]/OT:script=latn;lan
guage=dflt;!
Missing character: There is no 𝜔 in font [FreeSerifBold.otf]/OT:script=latn;lan
guage=dflt;!
Missing character: There is no 𝜔 in font [FreeSerifBold.otf]/OT:script=latn;lan
guage=dflt;!
Missing character: There is no 𝜔 in font [FreeSerifBold.otf]/OT:script=latn;lan
guage=dflt;!
Missing character: There is no 𝜔 in font [FreeSerifBold.otf]/OT:script=latn;lan
guage=dflt;!
Missing character: There is no 𝜔 in font [FreeSerifBold.otf]/OT:script=latn;lan
guage=dflt;!
Missing character: There is no 𝜔 in font [FreeSerifBold.otf]/OT:script=latn;lan
guage=dflt;!
Missing character: There is no 𝜔 in font [FreeSerifBold.otf]/OT:script=latn;lan
guage=dflt;!
LaTeX Info: Redefining \rmfamily on input line 4823.
LaTeX Info: Redefining \sffamily on input line 4823.
LaTeX Info: Redefining \ttfamily on input line 4823.
 [55]
LaTeX Info: Redefining \rmfamily on input line 4922.
LaTeX Info: Redefining \sffamily on input line 4922.
LaTeX Info: Redefining \ttfamily on input line 4922.
 [56]
LaTeX Info: Redefining \rmfamily on input line 5018.
LaTeX Info: Redefining \sffamily on input line 5018.
LaTeX Info: Redefining \ttfamily on input line 5018.
 [57]
File: frenet.png Graphic file (type bmp)
<frenet.png>
LaTeX Info: Redefining \rmfamily on input line 5110.
LaTeX Info: Redefining \sffamily on input line 5110.
LaTeX Info: Redefining \ttfamily on input line 5110.
 [58]
LaTeX Info: Redefining \rmfamily on input line 5160.
LaTeX Info: Redefining \sffamily on input line 5160.
LaTeX Info: Redefining \ttfamily on input line 5160.
 [59]
Missing character: There is no 𝜔 in font [FreeSerifBold.otf]/OT:script=latn;lan
guage=dflt;!
Missing character: There is no 𝜔 in font [FreeSerifBold.otf]/OT:script=latn;lan
guage=dflt;!
Missing character: There is no 𝜔 in font [FreeSerifBold.otf]/OT:script=latn;lan
guage=dflt;!
Missing character: There is no 𝛥 in font [FreeSerifBold.otf]/OT:script=latn;lan
guage=dflt;!
Missing character: There is no 𝜔 in font [FreeSerifBold.otf]/OT:script=latn;lan
guage=dflt;!
Missing character: There is no 𝜔 in font [FreeSerifBold.otf]/OT:script=latn;lan
guage=dflt;!
Missing character: There is no 𝜔 in font [FreeSerifBold.otf]/OT:script=latn;lan
guage=dflt;!
Missing character: There is no 𝜔 in font [FreeSerifBold.otf]/OT:script=latn;lan
guage=dflt;!
Missing character: There is no 𝛥 in font [FreeSerifBold.otf]/OT:script=latn;lan
guage=dflt;!
Missing character: There is no 𝜔 in font [FreeSerifBold.otf]/OT:script=latn;lan
guage=dflt;!
Missing character: There is no 𝜔 in font [FreeSerifBold.otf]/OT:script=latn;lan
guage=dflt;!
Missing character: There is no 𝜔 in font [FreeSerifBold.otf]/OT:script=latn;lan
guage=dflt;!
Missing character: There is no 𝜔 in font [FreeSerifBold.otf]/OT:script=latn;lan
guage=dflt;!
Missing character: There is no 𝜔 in font [FreeSerifBold.otf]/OT:script=latn;lan
guage=dflt;!
Missing character: There is no 𝜔 in font [FreeSerifBold.otf]/OT:script=latn;lan
guage=dflt;!
Missing character: There is no 𝜔 in font [FreeSerifBold.otf]/OT:script=latn;lan
guage=dflt;!
Missing character: There is no 𝜔 in font [FreeSerifBold.otf]/OT:script=latn;lan
guage=dflt;!
Missing character: There is no 𝜔 in font [FreeSerifBold.otf]/OT:script=latn;lan
guage=dflt;!
LaTeX Info: Redefining \rmfamily on input line 5259.
LaTeX Info: Redefining \sffamily on input line 5259.
LaTeX Info: Redefining \ttfamily on input line 5259.
 [60]
LaTeX Info: Redefining \rmfamily on input line 5352.
LaTeX Info: Redefining \sffamily on input line 5352.
LaTeX Info: Redefining \ttfamily on input line 5352.
 [61]
LaTeX Info: Redefining \rmfamily on input line 5426.
LaTeX Info: Redefining \sffamily on input line 5426.
LaTeX Info: Redefining \ttfamily on input line 5426.
 [62]
LaTeX Info: Redefining \rmfamily on input line 5480.
LaTeX Info: Redefining \sffamily on input line 5480.
LaTeX Info: Redefining \ttfamily on input line 5480.
 [63]
LaTeX Info: Redefining \rmfamily on input line 5584.
LaTeX Info: Redefining \sffamily on input line 5584.
LaTeX Info: Redefining \ttfamily on input line 5584.

[64]
LaTeX Info: Redefining \rmfamily on input line 5637.
LaTeX Info: Redefining \sffamily on input line 5637.
LaTeX Info: Redefining \ttfamily on input line 5637.
 [65]
LaTeX Font Info:    Font shape `TU/latinmodern-math.otf(2)/b/n' will be
(Font)              scaled to size 10.00107pt on input line 5683.
LaTeX Font Info:    Font shape `TU/latinmodern-math.otf(2)/b/n' will be
(Font)              scaled to size 7.00075pt on input line 5683.
LaTeX Font Info:    Font shape `TU/latinmodern-math.otf(2)/b/n' will be
(Font)              scaled to size 5.00053pt on input line 5683.
LaTeX Font Info:    Font shape `TU/latinmodern-math.otf(3)/b/n' will be
(Font)              scaled to size 9.99893pt on input line 5683.
LaTeX Font Info:    Font shape `TU/latinmodern-math.otf(3)/b/n' will be
(Font)              scaled to size 6.99925pt on input line 5683.
LaTeX Font Info:    Font shape `TU/latinmodern-math.otf(3)/b/n' will be
(Font)              scaled to size 4.99947pt on input line 5683.
LaTeX Info: Redefining \rmfamily on input line 5714.
LaTeX Info: Redefining \sffamily on input line 5714.
LaTeX Info: Redefining \ttfamily on input line 5714.
 [66]
Overfull \hbox (29.10837pt too wide) detected at line 5764
[]
 []

LaTeX Info: Redefining \rmfamily on input line 5790.
LaTeX Info: Redefining \sffamily on input line 5790.
LaTeX Info: Redefining \ttfamily on input line 5790.
[67]
LaTeX Info: Redefining \rmfamily on input line 5852.
LaTeX Info: Redefining \sffamily on input line 5852.
LaTeX Info: Redefining \ttfamily on input line 5852.
 [68]
LaTeX Info: Redefining \rmfamily on input line 5934.
LaTeX Info: Redefining \sffamily on input line 5934.
LaTeX Info: Redefining \ttfamily on input line 5934.
 [69]
File: rete.png Graphic file (type bmp)
<rete.png>
LaTeX Info: Redefining \rmfamily on input line 6109.
LaTeX Info: Redefining \sffamily on input line 6109.
LaTeX Info: Redefining \ttfamily on input line 6109.
 [70]
File: coanda.png Graphic file (type bmp)
<coanda.png>
LaTeX Info: Redefining \rmfamily on input line 6264.
LaTeX Info: Redefining \sffamily on input line 6264.
LaTeX Info: Redefining \ttfamily on input line 6264.
 [71]
File: gettoPiattello.png Graphic file (type bmp)
<gettoPiattello.png>
LaTeX Info: Redefining \rmfamily on input line 6356.
LaTeX Info: Redefining \sffamily on input line 6356.
LaTeX Info: Redefining \ttfamily on input line 6356.
 [72]
File: motore_a_getto.png Graphic file (type bmp)
<motore_a_getto.png>
File: gomito_01.png Graphic file (type bmp)
<gomito_01.png>
LaTeX Info: Redefining \rmfamily on input line 6555.
LaTeX Info: Redefining \sffamily on input line 6555.
LaTeX Info: Redefining \ttfamily on input line 6555.
 [73]
File: gomito_galleria.png Graphic file (type bmp)
<gomito_galleria.png>
LaTeX Info: Redefining \rmfamily on input line 6661.
LaTeX Info: Redefining \sffamily on input line 6661.
LaTeX Info: Redefining \ttfamily on input line 6661.
 [74]
File: wings.png Graphic file (type bmp)
<wings.png>
File: airfoil.png Graphic file (type bmp)
<airfoil.png>
LaTeX Info: Redefining \rmfamily on input line 6839.
LaTeX Info: Redefining \sffamily on input line 6839.
LaTeX Info: Redefining \ttfamily on input line 6839.
 [75]
File: wt.png Graphic file (type bmp)
<wt.png>
LaTeX Info: Redefining \rmfamily on input line 6985.
LaTeX Info: Redefining \sffamily on input line 6985.
LaTeX Info: Redefining \ttfamily on input line 6985.
 [76]
LaTeX Info: Redefining \rmfamily on input line 7083.
LaTeX Info: Redefining \sffamily on input line 7083.
LaTeX Info: Redefining \ttfamily on input line 7083.
 [77]
File: jet_engine.png Graphic file (type bmp)
<jet_engine.png>
File: rete.png Graphic file (type bmp)
<rete.png>
LaTeX Info: Redefining \rmfamily on input line 7266.
LaTeX Info: Redefining \sffamily on input line 7266.
LaTeX Info: Redefining \ttfamily on input line 7266.
 [78]
Missing character: There is no 𝜌 in font [FreeSerifBold.otf]/OT:script=latn;lan
guage=dflt;!
Missing character: There is no 𝜌 in font [FreeSerifBold.otf]/OT:script=latn;lan
guage=dflt;!
LaTeX Info: Redefining \rmfamily on input line 7307.
LaTeX Info: Redefining \sffamily on input line 7307.
LaTeX Info: Redefining \ttfamily on input line 7307.
 [79]

! LaTeX Error: \begin{split} on input line 7382 ended by \end{equation*}.

See the LaTeX manual or LaTeX Companion for explanation.
Type  H <return>  for immediate help.
 ...                                              
                                                  
l.7384 \end{equation*}
                      
? 

! LaTeX Error: Bad math environment delimiter.

See the LaTeX manual or LaTeX Companion for explanation.
Type  H <return>  for immediate help.
 ...                                              
                                                  
l.7386 dove si è indicato con \(
                                M\) la massa totale,
? 
! Missing } inserted.
<inserted text> 
                }
l.7386 dove si è indicato con \(M\)
                                    la massa totale,
? 
Missing character: There is no è in font cmmi10!
! Extra }, or forgotten $.
<recently read> }
                 
l.7393 \begin{split}
                    \rho_{in} = \dfrac{P_{in}}{R T_{in}} \ ,\end{split}
? 
! Missing $ inserted.
<inserted text> 
                $
l.7393 \begin{split}
                    \rho_{in} = \dfrac{P_{in}}{R T_{in}} \ ,\end{split}
? 
! Missing } inserted.
<inserted text> 
                }
l.7393 \begin{split}
                    \rho_{in} = \dfrac{P_{in}}{R T_{in}} \ ,\end{split}
? 
! Missing \endgroup inserted.
<inserted text> 
                \endgroup 
l.7393 \begin{split}
                    \rho_{in} = \dfrac{P_{in}}{R T_{in}} \ ,\end{split}
? 
! Missing \endgroup inserted.
<inserted text> 
                \endgroup 
l.7393 \begin{split}
                    \rho_{in} = \dfrac{P_{in}}{R T_{in}} \ ,\end{split}
? 
! Missing } inserted.
<inserted text> 
                }
l.7393 \begin{split}
                    \rho_{in} = \dfrac{P_{in}}{R T_{in}} \ ,\end{split}
? 

! LaTeX Error: \begin{equation*} on input line 7381 ended by \end{split}.

See the LaTeX manual or LaTeX Companion for explanation.
Type  H <return>  for immediate help.
 ...                                              
                                                  
l.7393 ... \dfrac{P_{in}}{R T_{in}} \ ,\end{split}
                                                  
? 
! Missing $ inserted.
<inserted text> 
                $
l.7393 ... \dfrac{P_{in}}{R T_{in}} \ ,\end{split}
                                                  
? 
! Display math should end with $$.
<to be read again> 
                   \endgroup 
l.7393 ... \dfrac{P_{in}}{R T_{in}} \ ,\end{split}
                                                  
? 
! Missing $ inserted.
<inserted text> 
                $
l.7393 ... \dfrac{P_{in}}{R T_{in}} \ ,\end{split}
                                                  
? 
! Missing $ inserted.
<inserted text> 
                $
l.7393 ... \dfrac{P_{in}}{R T_{in}} \ ,\end{split}
                                                  
? 

! LaTeX Error: Bad math environment delimiter.

See the LaTeX manual or LaTeX Companion for explanation.
Type  H <return>  for immediate help.
 ...                                              
                                                  
l.7394 \end{equation*}
                      
? 

! LaTeX Error: \begin{document} ended by \end{equation*}.

See the LaTeX manual or LaTeX Companion for explanation.
Type  H <return>  for immediate help.
 ...                                              
                                                  
l.7394 \end{equation*}
                      
? 
! Missing $ inserted.
<inserted text> 
                $
l.7394 \end{equation*}
                      
? 
! Display math should end with $$.
<to be read again> 
                   \endgroup 
l.7394 \end{equation*}
                      
? 
! Extra \endgroup.
<recently read> \endgroup 
                          
l.7394 \end{equation*}
                      
? 
File: coanda.png Graphic file (type bmp)
<coanda.png>
LaTeX Info: Redefining \rmfamily on input line 7506.
LaTeX Info: Redefining \sffamily on input line 7506.
LaTeX Info: Redefining \ttfamily on input line 7506.
[80]
LaTeX Info: Redefining \rmfamily on input line 7526.
LaTeX Info: Redefining \sffamily on input line 7526.
LaTeX Info: Redefining \ttfamily on input line 7526.
 [81]
LaTeX Info: Redefining \rmfamily on input line 7630.
LaTeX Info: Redefining \sffamily on input line 7630.
LaTeX Info: Redefining \ttfamily on input line 7630.
 [82]
File: gettoPiattello.png Graphic file (type bmp)
<gettoPiattello.png>
LaTeX Info: Redefining \rmfamily on input line 7759.
LaTeX Info: Redefining \sffamily on input line 7759.
LaTeX Info: Redefining \ttfamily on input line 7759.
 [83]
LaTeX Info: Redefining \rmfamily on input line 7854.
LaTeX Info: Redefining \sffamily on input line 7854.
LaTeX Info: Redefining \ttfamily on input line 7854.
 [84]
File: motore_a_getto.png Graphic file (type bmp)
<motore_a_getto.png>
LaTeX Info: Redefining \rmfamily on input line 8026.
LaTeX Info: Redefining \sffamily on input line 8026.
LaTeX Info: Redefining \ttfamily on input line 8026.
 [85]
LaTeX Info: Redefining \rmfamily on input line 8108.
LaTeX Info: Redefining \sffamily on input line 8108.
LaTeX Info: Redefining \ttfamily on input line 8108.
 [86]
File: gomito_01.png Graphic file (type bmp)
<gomito_01.png>
LaTeX Info: Redefining \rmfamily on input line 8244.
LaTeX Info: Redefining \sffamily on input line 8244.
LaTeX Info: Redefining \ttfamily on input line 8244.
 [87]
File: gomito_galleria.png Graphic file (type bmp)
<gomito_galleria.png>
LaTeX Info: Redefining \rmfamily on input line 8367.
LaTeX Info: Redefining \sffamily on input line 8367.
LaTeX Info: Redefining \ttfamily on input line 8367.
 [88]
File: wings.png Graphic file (type bmp)
<wings.png>
LaTeX Info: Redefining \rmfamily on input line 8515.
LaTeX Info: Redefining \sffamily on input line 8515.
LaTeX Info: Redefining \ttfamily on input line 8515.
 [89]
LaTeX Info: Redefining \rmfamily on input line 8621.
LaTeX Info: Redefining \sffamily on input line 8621.
LaTeX Info: Redefining \ttfamily on input line 8621.
 [90]
File: airfoil.png Graphic file (type bmp)
<airfoil.png>
LaTeX Info: Redefining \rmfamily on input line 8704.
LaTeX Info: Redefining \sffamily on input line 8704.
LaTeX Info: Redefining \ttfamily on input line 8704.
 [91]
LaTeX Info: Redefining \rmfamily on input line 8784.
LaTeX Info: Redefining \sffamily on input line 8784.
LaTeX Info: Redefining \ttfamily on input line 8784.
 [92]
LaTeX Info: Redefining \rmfamily on input line 8881.
LaTeX Info: Redefining \sffamily on input line 8881.
LaTeX Info: Redefining \ttfamily on input line 8881.
 [93]
LaTeX Info: Redefining \rmfamily on input line 8953.
LaTeX Info: Redefining \sffamily on input line 8953.
LaTeX Info: Redefining \ttfamily on input line 8953.
 [94]
LaTeX Info: Redefining \rmfamily on input line 9031.
LaTeX Info: Redefining \sffamily on input line 9031.
LaTeX Info: Redefining \ttfamily on input line 9031.

[95]
LaTeX Info: Redefining \rmfamily on input line 9087.
LaTeX Info: Redefining \sffamily on input line 9087.
LaTeX Info: Redefining \ttfamily on input line 9087.
 [96]
LaTeX Info: Redefining \rmfamily on input line 9167.
LaTeX Info: Redefining \sffamily on input line 9167.
LaTeX Info: Redefining \ttfamily on input line 9167.
 [97]

! LaTeX Error: File `{polimi/fluidmechanics-ita/template/capitoli/04_bilanci/fi
g/base-functions}' not found.

See the LaTeX manual or LaTeX Companion for explanation.
Type  H <return>  for immediate help.
 ...                                              
                                                  
l.9204 ...capitoli/04_bilanci/fig/base-functions}}
                                                  \{\#fig:base\sphinxhyphen{...

? 

! LaTeX Error: File `{polimi/fluidmechanics-ita/template/capitoli/04_bilanci/fi
g/base-functions}' not found.

See the LaTeX manual or LaTeX Companion for explanation.
Type  H <return>  for immediate help.
 ...                                              
                                                  
l.9204 ...capitoli/04_bilanci/fig/base-functions}}
                                                  \{\#fig:base\sphinxhyphen{...

? 

! LaTeX Error: File `{polimi/fluidmechanics-ita/template/capitoli/04_bilanci/fi
g/base-functions-ref}' not found.

See the LaTeX manual or LaTeX Companion for explanation.
Type  H <return>  for immediate help.
 ...                                              
                                                  
l.9205 ...toli/04_bilanci/fig/base-functions-ref}}
                                                  \{\#fig:base\sphinxhyphen{...

? 

! LaTeX Error: File `{polimi/fluidmechanics-ita/template/capitoli/04_bilanci/fi
g/base-functions-ref}' not found.

See the LaTeX manual or LaTeX Companion for explanation.
Type  H <return>  for immediate help.
 ...                                              
                                                  
l.9205 ...toli/04_bilanci/fig/base-functions-ref}}
                                                  \{\#fig:base\sphinxhyphen{...

? 
LaTeX Info: Redefining \rmfamily on input line 9259.
LaTeX Info: Redefining \sffamily on input line 9259.
LaTeX Info: Redefining \ttfamily on input line 9259.
[98]
LaTeX Info: Redefining \rmfamily on input line 9316.
LaTeX Info: Redefining \sffamily on input line 9316.
LaTeX Info: Redefining \ttfamily on input line 9316.
 [99]
LaTeX Info: Redefining \rmfamily on input line 9480.
LaTeX Info: Redefining \sffamily on input line 9480.
LaTeX Info: Redefining \ttfamily on input line 9480.
 [100]
Missing character: There is no 𝛺 in font [FreeSerifBold.otf]/OT:script=latn;lan
guage=dflt;!
Missing character: There is no 𝛺 in font [FreeSerifBold.otf]/OT:script=latn;lan
guage=dflt;!
File: wt.png Graphic file (type bmp)
<wt.png>
LaTeX Info: Redefining \rmfamily on input line 9607.
LaTeX Info: Redefining \sffamily on input line 9607.
LaTeX Info: Redefining \ttfamily on input line 9607.
 [101]
LaTeX Info: Redefining \rmfamily on input line 9669.
LaTeX Info: Redefining \sffamily on input line 9669.
LaTeX Info: Redefining \ttfamily on input line 9669.
 [102]
Missing character: There is no 𝜔 in font [FreeSerifBold.otf]/OT:script=latn;lan
guage=dflt;!
LaTeX Info: Redefining \rmfamily on input line 9763.
LaTeX Info: Redefining \sffamily on input line 9763.
LaTeX Info: Redefining \ttfamily on input line 9763.
 [103]
LaTeX Info: Redefining \rmfamily on input line 9884.
LaTeX Info: Redefining \sffamily on input line 9884.
LaTeX Info: Redefining \ttfamily on input line 9884.
 [104]
LaTeX Info: Redefining \rmfamily on input line 9979.
LaTeX Info: Redefining \sffamily on input line 9979.
LaTeX Info: Redefining \ttfamily on input line 9979.
 [105]
LaTeX Info: Redefining \rmfamily on input line 10060.
LaTeX Info: Redefining \sffamily on input line 10060.
LaTeX Info: Redefining \ttfamily on input line 10060.
 [106]
File: jet_engine.png Graphic file (type bmp)
<jet_engine.png>
LaTeX Info: Redefining \rmfamily on input line 10220.
LaTeX Info: Redefining \sffamily on input line 10220.
LaTeX Info: Redefining \ttfamily on input line 10220.
 [107]
LaTeX Info: Redefining \rmfamily on input line 10270.
LaTeX Info: Redefining \sffamily on input line 10270.
LaTeX Info: Redefining \ttfamily on input line 10270.
 [108]
LaTeX Info: Redefining \rmfamily on input line 10367.
LaTeX Info: Redefining \sffamily on input line 10367.
LaTeX Info: Redefining \ttfamily on input line 10367.
 [109]
LaTeX Info: Redefining \rmfamily on input line 10438.
LaTeX Info: Redefining \sffamily on input line 10438.
LaTeX Info: Redefining \ttfamily on input line 10438.
 [110]
File: hidden-bird.png Graphic file (type bmp)
<hidden-bird.png>
LaTeX Info: Redefining \rmfamily on input line 10546.
LaTeX Info: Redefining \sffamily on input line 10546.
LaTeX Info: Redefining \ttfamily on input line 10546.

[111]
LaTeX Info: Redefining \rmfamily on input line 10603.
LaTeX Info: Redefining \sffamily on input line 10603.
LaTeX Info: Redefining \ttfamily on input line 10603.
 [112]
LaTeX Info: Redefining \rmfamily on input line 10645.
LaTeX Info: Redefining \sffamily on input line 10645.
LaTeX Info: Redefining \ttfamily on input line 10645.
 [113]
LaTeX Info: Redefining \rmfamily on input line 10667.
LaTeX Info: Redefining \sffamily on input line 10667.
LaTeX Info: Redefining \ttfamily on input line 10667.
 [114]
Capitolo 5.
Missing character: There is no 𝜔 in font [FreeSerifBold.otf]/OT:script=latn;lan
guage=dflt;!
Missing character: There is no 𝜔 in font [FreeSerifBold.otf]/OT:script=latn;lan
guage=dflt;!
Missing character: There is no 𝜔 in font [FreeSerifBold.otf]/OT:script=latn;lan
guage=dflt;!
Missing character: There is no 𝜔 in font [FreeSerifBold.otf]/OT:script=latn;lan
guage=dflt;!
Missing character: There is no 𝜔 in font [FreeSerifBold.otf]/OT:script=latn;lan
guage=dflt;!
[115

]
Missing character: There is no 𝜔 in font [FreeSerifBold.otf]/OT:script=latn;lan
guage=dflt;!
Missing character: There is no 𝜔 in font [FreeSerifBold.otf]/OT:script=latn;lan
guage=dflt;!
LaTeX Info: Redefining \rmfamily on input line 10798.
LaTeX Info: Redefining \sffamily on input line 10798.
LaTeX Info: Redefining \ttfamily on input line 10798.
 [116]
File: venturi.png Graphic file (type bmp)
<venturi.png>
File: serbatoio.png Graphic file (type bmp)
<serbatoio.png>
LaTeX Info: Redefining \rmfamily on input line 10997.
LaTeX Info: Redefining \sffamily on input line 10997.
LaTeX Info: Redefining \ttfamily on input line 10997.
 [117]
File: canale.png Graphic file (type bmp)
<canale.png>
File: condottocircolare.png Graphic file (type bmp)
<condottocircolare.png>
LaTeX Info: Redefining \rmfamily on input line 11175.
LaTeX Info: Redefining \sffamily on input line 11175.
LaTeX Info: Redefining \ttfamily on input line 11175.
 [118]
File: rete.png Graphic file (type bmp)
<rete.png>
LaTeX Info: Redefining \rmfamily on input line 11285.
LaTeX Info: Redefining \sffamily on input line 11285.
LaTeX Info: Redefining \ttfamily on input line 11285.
 [119]
File: jet.png Graphic file (type bmp)
<jet.png>
LaTeX Info: Redefining \rmfamily on input line 11388.
LaTeX Info: Redefining \sffamily on input line 11388.
LaTeX Info: Redefining \ttfamily on input line 11388.
 [120]
File: jet_angle.png Graphic file (type bmp)
<jet_angle.png>
LaTeX Info: Redefining \rmfamily on input line 11474.
LaTeX Info: Redefining \sffamily on input line 11474.
LaTeX Info: Redefining \ttfamily on input line 11474.
 [121]
File: venturi.png Graphic file (type bmp)
<venturi.png>
LaTeX Info: Redefining \rmfamily on input line 11563.
LaTeX Info: Redefining \sffamily on input line 11563.
LaTeX Info: Redefining \ttfamily on input line 11563.
 [122]
Missing character: There is no 𝜔 in font [FreeSerifBold.otf]/OT:script=latn;lan
guage=dflt;!
Missing character: There is no 𝜔 in font [FreeSerifBold.otf]/OT:script=latn;lan
guage=dflt;!
Missing character: There is no 𝜔 in font [FreeSerifBold.otf]/OT:script=latn;lan
guage=dflt;!
Missing character: There is no 𝜔 in font [FreeSerifBold.otf]/OT:script=latn;lan
guage=dflt;!
LaTeX Info: Redefining \rmfamily on input line 11603.
LaTeX Info: Redefining \sffamily on input line 11603.
LaTeX Info: Redefining \ttfamily on input line 11603.
 [123]
LaTeX Info: Redefining \rmfamily on input line 11693.
LaTeX Info: Redefining \sffamily on input line 11693.
LaTeX Info: Redefining \ttfamily on input line 11693.
 [124]
File: serbatoio.png Graphic file (type bmp)
<serbatoio.png>
LaTeX Info: Redefining \rmfamily on input line 11806.
LaTeX Info: Redefining \sffamily on input line 11806.
LaTeX Info: Redefining \ttfamily on input line 11806.
 [125]
Missing character: There is no 𝜔 in font [FreeSerifBold.otf]/OT:script=latn;lan
guage=dflt;!
Missing character: There is no 𝜔 in font [FreeSerifBold.otf]/OT:script=latn;lan
guage=dflt;!
Missing character: There is no 𝜔 in font [FreeSerifBold.otf]/OT:script=latn;lan
guage=dflt;!
Missing character: There is no 𝜔 in font [FreeSerifBold.otf]/OT:script=latn;lan
guage=dflt;!
LaTeX Info: Redefining \rmfamily on input line 11845.
LaTeX Info: Redefining \sffamily on input line 11845.
LaTeX Info: Redefining \ttfamily on input line 11845.
 [126]
File: canale.png Graphic file (type bmp)
<canale.png>
LaTeX Info: Redefining \rmfamily on input line 11998.
LaTeX Info: Redefining \sffamily on input line 11998.
LaTeX Info: Redefining \ttfamily on input line 11998.

[127]
LaTeX Info: Redefining \rmfamily on input line 12089.
LaTeX Info: Redefining \sffamily on input line 12089.
LaTeX Info: Redefining \ttfamily on input line 12089.
 [128]
File: condottocircolare.png Graphic file (type bmp)
<condottocircolare.png>
LaTeX Info: Redefining \rmfamily on input line 12222.
LaTeX Info: Redefining \sffamily on input line 12222.
LaTeX Info: Redefining \ttfamily on input line 12222.
 [129]

LaTeX Warning: File `{polimi/fluidmechanics-ita/template/capitoli/05_bernoulli/
fig/Canale01}.eps' not found on input line 12232.


! LaTeX Error: File `polimi/fluidmechanics-ita/template/capitoli/05_bernoulli/f
ig/Canale01.eps' not found.

See the LaTeX manual or LaTeX Companion for explanation.
Type  H <return>  for immediate help.
 ...                                              
                                                  
l.12232 ...apitoli/05_bernoulli/fig/Canale01}.eps}
                                                  \{width=»35\%»\}
? 

! LaTeX Error: Cannot determine size of graphic in polimi/fluidmechanics-ita/te
mplate/capitoli/05_bernoulli/fig/Canale01.eps (no BoundingBox).

See the LaTeX manual or LaTeX Companion for explanation.
Type  H <return>  for immediate help.
 ...                                              
                                                  
l.12232 ...apitoli/05_bernoulli/fig/Canale01}.eps}
                                                  \{width=»35\%»\}
? 

LaTeX Warning: File `{polimi/fluidmechanics-ita/template/capitoli/05_bernoulli/
fig/Canale01}.eps' not found on input line 12232.


! LaTeX Error: File `polimi/fluidmechanics-ita/template/capitoli/05_bernoulli/f
ig/Canale01.eps' not found.

See the LaTeX manual or LaTeX Companion for explanation.
Type  H <return>  for immediate help.
 ...                                              
                                                  
l.12232 ...apitoli/05_bernoulli/fig/Canale01}.eps}
                                                  \{width=»35\%»\}
? 

! LaTeX Error: Cannot determine size of graphic in polimi/fluidmechanics-ita/te
mplate/capitoli/05_bernoulli/fig/Canale01.eps (no BoundingBox).

See the LaTeX manual or LaTeX Companion for explanation.
Type  H <return>  for immediate help.
 ...                                              
                                                  
l.12232 ...apitoli/05_bernoulli/fig/Canale01}.eps}
                                                  \{width=»35\%»\}
? 
File: polimi/fluidmechanics-ita/template/capitoli/05_bernoulli/fig/Canale01.eps
 Graphic file (type eps)
<polimi/fluidmechanics-ita/template/capitoli/05_bernoulli/fig/Canale01.eps>
LaTeX Info: Redefining \rmfamily on input line 12276.
LaTeX Info: Redefining \sffamily on input line 12276.
LaTeX Info: Redefining \ttfamily on input line 12276.
[130]
File: rete.png Graphic file (type bmp)
<rete.png>
LaTeX Info: Redefining \rmfamily on input line 12413.
LaTeX Info: Redefining \sffamily on input line 12413.
LaTeX Info: Redefining \ttfamily on input line 12413.
 [131]
File: jet.png Graphic file (type bmp)
<jet.png>
LaTeX Info: Redefining \rmfamily on input line 12526.
LaTeX Info: Redefining \sffamily on input line 12526.
LaTeX Info: Redefining \ttfamily on input line 12526.
 [132]
LaTeX Info: Redefining \rmfamily on input line 12564.
LaTeX Info: Redefining \sffamily on input line 12564.
LaTeX Info: Redefining \ttfamily on input line 12564.
 [133]
File: jet_angle.png Graphic file (type bmp)
<jet_angle.png>
LaTeX Info: Redefining \rmfamily on input line 12694.
LaTeX Info: Redefining \sffamily on input line 12694.
LaTeX Info: Redefining \ttfamily on input line 12694.
 [134]
LaTeX Info: Redefining \rmfamily on input line 12718.
LaTeX Info: Redefining \sffamily on input line 12718.
LaTeX Info: Redefining \ttfamily on input line 12718.
 [135]
LaTeX Info: Redefining \rmfamily on input line 12718.
LaTeX Info: Redefining \sffamily on input line 12718.
LaTeX Info: Redefining \ttfamily on input line 12718.
 [136

]
Capitolo 6.
[137]
LaTeX Info: Redefining \rmfamily on input line 12907.
LaTeX Info: Redefining \sffamily on input line 12907.
LaTeX Info: Redefining \ttfamily on input line 12907.
 [138]
LaTeX Info: Redefining \rmfamily on input line 12997.
LaTeX Info: Redefining \sffamily on input line 12997.
LaTeX Info: Redefining \ttfamily on input line 12997.
 [139]
LaTeX Info: Redefining \rmfamily on input line 13107.
LaTeX Info: Redefining \sffamily on input line 13107.
LaTeX Info: Redefining \ttfamily on input line 13107.
 [140]
Missing character: There is no 𝜃 in font [FreeSerifBold.otf]/OT:script=latn;lan
guage=dflt;!
Missing character: There is no 𝜃 in font [FreeSerifBold.otf]/OT:script=latn;lan
guage=dflt;!


LaTeX Warning: Reference `eqn:stress_vector' on page 141 undefined on input lin
e 13200.

Missing character: There is no 𝜃 in font [FreeSerifBold.otf]/OT:script=latn;lan
guage=dflt;!
Missing character: There is no 𝜃 in font [FreeSerifBold.otf]/OT:script=latn;lan
guage=dflt;!
LaTeX Info: Redefining \rmfamily on input line 13212.
LaTeX Info: Redefining \sffamily on input line 13212.
LaTeX Info: Redefining \ttfamily on input line 13212.
[141]
File: slnEsatte-newton-couette.png Graphic file (type bmp)
<slnEsatte-newton-couette.png>
LaTeX Info: Redefining \rmfamily on input line 13350.
LaTeX Info: Redefining \sffamily on input line 13350.
LaTeX Info: Redefining \ttfamily on input line 13350.
 [142]
LaTeX Info: Redefining \rmfamily on input line 13359.
LaTeX Info: Redefining \sffamily on input line 13359.
LaTeX Info: Redefining \ttfamily on input line 13359.
 [143]
File: manometro_Poiseuille.png Graphic file (type bmp)
<manometro_Poiseuille.png>
File: slnEsatte-scivolo.png Graphic file (type bmp)
<slnEsatte-scivolo.png>
LaTeX Info: Redefining \rmfamily on input line 13560.
LaTeX Info: Redefining \sffamily on input line 13560.
LaTeX Info: Redefining \ttfamily on input line 13560.
 [144]
File: slnEsatte-poiseuille.png Graphic file (type bmp)
<slnEsatte-poiseuille.png>
File: slnEsatte-taylor-couette-2.png Graphic file (type bmp)
<slnEsatte-taylor-couette-2.png>
LaTeX Info: Redefining \rmfamily on input line 13810.
LaTeX Info: Redefining \sffamily on input line 13810.
LaTeX Info: Redefining \ttfamily on input line 13810.
 [145]
File: slnEsatte-taylor-couette.png Graphic file (type bmp)
<slnEsatte-taylor-couette.png>
LaTeX Info: Redefining \rmfamily on input line 13897.
LaTeX Info: Redefining \sffamily on input line 13897.
LaTeX Info: Redefining \ttfamily on input line 13897.
 [146]
File: vessel.png Graphic file (type bmp)
<vessel.png>
LaTeX Info: Redefining \rmfamily on input line 13970.
LaTeX Info: Redefining \sffamily on input line 13970.
LaTeX Info: Redefining \ttfamily on input line 13970.
 [147]
LaTeX Info: Redefining \rmfamily on input line 13970.
LaTeX Info: Redefining \sffamily on input line 13970.
LaTeX Info: Redefining \ttfamily on input line 13970.
 [148]
File: slnEsatte-newton-couette.png Graphic file (type bmp)
<slnEsatte-newton-couette.png>
LaTeX Info: Redefining \rmfamily on input line 14054.
LaTeX Info: Redefining \sffamily on input line 14054.
LaTeX Info: Redefining \ttfamily on input line 14054.
 [149]
LaTeX Info: Redefining \rmfamily on input line 14059.
LaTeX Info: Redefining \sffamily on input line 14059.
LaTeX Info: Redefining \ttfamily on input line 14059.
 [150]
LaTeX Info: Redefining \rmfamily on input line 14164.
LaTeX Info: Redefining \sffamily on input line 14164.
LaTeX Info: Redefining \ttfamily on input line 14164.
 [151]
File: manometro_Poiseuille.png Graphic file (type bmp)
<manometro_Poiseuille.png>
LaTeX Info: Redefining \rmfamily on input line 14311.
LaTeX Info: Redefining \sffamily on input line 14311.
LaTeX Info: Redefining \ttfamily on input line 14311.
 [152]
File: slnEsatte-scivolo.png Graphic file (type bmp)
<slnEsatte-scivolo.png>
LaTeX Info: Redefining \rmfamily on input line 14477.
LaTeX Info: Redefining \sffamily on input line 14477.
LaTeX Info: Redefining \ttfamily on input line 14477.

[153]
LaTeX Info: Redefining \rmfamily on input line 14571.
LaTeX Info: Redefining \sffamily on input line 14571.
LaTeX Info: Redefining \ttfamily on input line 14571.
 [154]
LaTeX Info: Redefining \rmfamily on input line 14749.
LaTeX Info: Redefining \sffamily on input line 14749.
LaTeX Info: Redefining \ttfamily on input line 14749.
 [155]
LaTeX Info: Redefining \rmfamily on input line 14841.
LaTeX Info: Redefining \sffamily on input line 14841.
LaTeX Info: Redefining \ttfamily on input line 14841.
 [156]
File: slnEsatte-poiseuille.png Graphic file (type bmp)
<slnEsatte-poiseuille.png>
LaTeX Info: Redefining \rmfamily on input line 14994.
LaTeX Info: Redefining \sffamily on input line 14994.
LaTeX Info: Redefining \ttfamily on input line 14994.
 [157]
LaTeX Info: Redefining \rmfamily on input line 15092.
LaTeX Info: Redefining \sffamily on input line 15092.
LaTeX Info: Redefining \ttfamily on input line 15092.
 [158]
LaTeX Info: Redefining \rmfamily on input line 15164.
LaTeX Info: Redefining \sffamily on input line 15164.
LaTeX Info: Redefining \ttfamily on input line 15164.
 [159]
File: slnEsatte-taylor-couette-2.png Graphic file (type bmp)
<slnEsatte-taylor-couette-2.png>
LaTeX Info: Redefining \rmfamily on input line 15311.
LaTeX Info: Redefining \sffamily on input line 15311.
LaTeX Info: Redefining \ttfamily on input line 15311.
 [160]
Missing character: There is no 𝜃 in font [FreeSerifBold.otf]/OT:script=latn;lan
guage=dflt;!
Missing character: There is no 𝜃 in font [FreeSerifBold.otf]/OT:script=latn;lan
guage=dflt;!
LaTeX Info: Redefining \rmfamily on input line 15404.
LaTeX Info: Redefining \sffamily on input line 15404.
LaTeX Info: Redefining \ttfamily on input line 15404.
 [161]
File: slnEsatte-taylor-couette.png Graphic file (type bmp)
<slnEsatte-taylor-couette.png>
Missing character: There is no 𝜃 in font [FreeSerifBold.otf]/OT:script=latn;lan
guage=dflt;!
Missing character: There is no 𝜃 in font [FreeSerifBold.otf]/OT:script=latn;lan
guage=dflt;!
Missing character: There is no 𝜃 in font [FreeSerifBold.otf]/OT:script=latn;lan
guage=dflt;!
Missing character: There is no 𝜃 in font [FreeSerifBold.otf]/OT:script=latn;lan
guage=dflt;!
LaTeX Info: Redefining \rmfamily on input line 15541.
LaTeX Info: Redefining \sffamily on input line 15541.
LaTeX Info: Redefining \ttfamily on input line 15541.
 [162]
Missing character: There is no 𝜃 in font [FreeSerifBold.otf]/OT:script=latn;lan
guage=dflt;!
Missing character: There is no 𝜃 in font [FreeSerifBold.otf]/OT:script=latn;lan
guage=dflt;!
Missing character: There is no 𝜃 in font [FreeSerifBold.otf]/OT:script=latn;lan
guage=dflt;!
Missing character: There is no 𝜃 in font [FreeSerifBold.otf]/OT:script=latn;lan
guage=dflt;!
Missing character: There is no 𝜃 in font [FreeSerifBold.otf]/OT:script=latn;lan
guage=dflt;!
Missing character: There is no 𝜃 in font [FreeSerifBold.otf]/OT:script=latn;lan
guage=dflt;!
Missing character: There is no 𝜃 in font [FreeSerifBold.otf]/OT:script=latn;lan
guage=dflt;!
Missing character: There is no 𝜃 in font [FreeSerifBold.otf]/OT:script=latn;lan
guage=dflt;!
Missing character: There is no 𝜃 in font [FreeSerifBold.otf]/OT:script=latn;lan
guage=dflt;!
Missing character: There is no 𝜃 in font [FreeSerifBold.otf]/OT:script=latn;lan
guage=dflt;!
Missing character: There is no 𝜃 in font [FreeSerifBold.otf]/OT:script=latn;lan
guage=dflt;!
Missing character: There is no 𝜃 in font [FreeSerifBold.otf]/OT:script=latn;lan
guage=dflt;!
LaTeX Info: Redefining \rmfamily on input line 15618.
LaTeX Info: Redefining \sffamily on input line 15618.
LaTeX Info: Redefining \ttfamily on input line 15618.
 [163]
File: vessel.png Graphic file (type bmp)
<vessel.png>
LaTeX Info: Redefining \rmfamily on input line 15718.
LaTeX Info: Redefining \sffamily on input line 15718.
LaTeX Info: Redefining \ttfamily on input line 15718.
 [164]
LaTeX Info: Redefining \rmfamily on input line 15722.
LaTeX Info: Redefining \sffamily on input line 15722.
LaTeX Info: Redefining \ttfamily on input line 15722.

[165]
LaTeX Info: Redefining \rmfamily on input line 15806.
LaTeX Info: Redefining \sffamily on input line 15806.
LaTeX Info: Redefining \ttfamily on input line 15806.
 [166]
LaTeX Info: Redefining \rmfamily on input line 15826.
LaTeX Info: Redefining \sffamily on input line 15826.
LaTeX Info: Redefining \ttfamily on input line 15826.
 [167]
LaTeX Info: Redefining \rmfamily on input line 15826.
LaTeX Info: Redefining \sffamily on input line 15826.
LaTeX Info: Redefining \ttfamily on input line 15826.
 [168

]
Capitolo 7.
[169]
LaTeX Info: Redefining \rmfamily on input line 15998.
LaTeX Info: Redefining \sffamily on input line 15998.
LaTeX Info: Redefining \ttfamily on input line 15998.
 [170]
LaTeX Info: Redefining \rmfamily on input line 16061.
LaTeX Info: Redefining \sffamily on input line 16061.
LaTeX Info: Redefining \ttfamily on input line 16061.
 [171]
LaTeX Info: Redefining \rmfamily on input line 16126.
LaTeX Info: Redefining \sffamily on input line 16126.
LaTeX Info: Redefining \ttfamily on input line 16126.
 [172]

! LaTeX Error: \begin{split} on input line 16150 ended by \end{equation*}.

See the LaTeX manual or LaTeX Companion for explanation.
Type  H <return>  for immediate help.
 ...                                              
                                                  
l.16151 \end{equation*}
                       \begin{equation*}
? 

! LaTeX Error: Bad math environment delimiter.

See the LaTeX manual or LaTeX Companion for explanation.
Type  H <return>  for immediate help.
 ...                                              
                                                  
l.16151 \end{equation*}\begin{equation*}
                                        
? 
! Extra }, or forgotten \endgroup.
<template> }
            $}\calc@shift@gather \set@gather@field \endtemplate 
l.16153 \end{equation*}
                       
? 
! Missing \endgroup inserted.
<inserted text> 
                \endgroup 
l.16153 \end{equation*}
                       
? 
! Missing } inserted.
<inserted text> 
                }
l.16153 \end{equation*}
                       
? 
LaTeX Info: Redefining \rmfamily on input line 16222.
LaTeX Info: Redefining \sffamily on input line 16222.
LaTeX Info: Redefining \ttfamily on input line 16222.
[173]
LaTeX Info: Redefining \rmfamily on input line 16310.
LaTeX Info: Redefining \sffamily on input line 16310.
LaTeX Info: Redefining \ttfamily on input line 16310.
 [174]
LaTeX Info: Redefining \rmfamily on input line 16395.
LaTeX Info: Redefining \sffamily on input line 16395.
LaTeX Info: Redefining \ttfamily on input line 16395.
 [175]
LaTeX Info: Redefining \rmfamily on input line 16486.
LaTeX Info: Redefining \sffamily on input line 16486.
LaTeX Info: Redefining \ttfamily on input line 16486.
 [176]
LaTeX Info: Redefining \rmfamily on input line 16581.
LaTeX Info: Redefining \sffamily on input line 16581.
LaTeX Info: Redefining \ttfamily on input line 16581.
 [177]
Missing character: There is no 𝜔 in font [FreeSerifBold.otf]/OT:script=latn;lan
guage=dflt;!
LaTeX Info: Redefining \rmfamily on input line 16669.
LaTeX Info: Redefining \sffamily on input line 16669.
LaTeX Info: Redefining \ttfamily on input line 16669.
 [178]
Underfull \hbox (badness 10000) in paragraph at lines 16722--16727
\TU/FreeSerif(0)/m/n/10 I due determinanti che compaiono nelle equazioni ([eqn:
Bouss-vort-psi-tau]{reference-type=»ref»
 []

LaTeX Info: Redefining \rmfamily on input line 16748.
LaTeX Info: Redefining \sffamily on input line 16748.
LaTeX Info: Redefining \ttfamily on input line 16748.
[179]
LaTeX Info: Redefining \rmfamily on input line 16826.
LaTeX Info: Redefining \sffamily on input line 16826.
LaTeX Info: Redefining \ttfamily on input line 16826.
 [180]
LaTeX Info: Redefining \rmfamily on input line 16884.
LaTeX Info: Redefining \sffamily on input line 16884.
LaTeX Info: Redefining \ttfamily on input line 16884.
 [181]
File: slnEsatte-newton-couette.png Graphic file (type bmp)
<slnEsatte-newton-couette.png>
LaTeX Info: Redefining \rmfamily on input line 17212.
LaTeX Info: Redefining \sffamily on input line 17212.
LaTeX Info: Redefining \ttfamily on input line 17212.
 [182]
LaTeX Info: Redefining \rmfamily on input line 17224.
LaTeX Info: Redefining \sffamily on input line 17224.
LaTeX Info: Redefining \ttfamily on input line 17224.
 [183]
File: pipe.png Graphic file (type bmp)
<pipe.png>
File: helicopter.png Graphic file (type bmp)
<helicopter.png>
LaTeX Info: Redefining \rmfamily on input line 17404.
LaTeX Info: Redefining \sffamily on input line 17404.
LaTeX Info: Redefining \ttfamily on input line 17404.
 [184]
LaTeX Info: Redefining \rmfamily on input line 17404.
LaTeX Info: Redefining \sffamily on input line 17404.
LaTeX Info: Redefining \ttfamily on input line 17404.
 [185]
LaTeX Info: Redefining \rmfamily on input line 17555.
LaTeX Info: Redefining \sffamily on input line 17555.
LaTeX Info: Redefining \ttfamily on input line 17555.
 [186]
LaTeX Info: Redefining \rmfamily on input line 17698.
LaTeX Info: Redefining \sffamily on input line 17698.
LaTeX Info: Redefining \ttfamily on input line 17698.
 [187]
LaTeX Info: Redefining \rmfamily on input line 17830.
LaTeX Info: Redefining \sffamily on input line 17830.
LaTeX Info: Redefining \ttfamily on input line 17830.
 [188]
File: slnEsatte-newton-couette.png Graphic file (type bmp)
<slnEsatte-newton-couette.png>
LaTeX Info: Redefining \rmfamily on input line 17979.
LaTeX Info: Redefining \sffamily on input line 17979.
LaTeX Info: Redefining \ttfamily on input line 17979.
 [189]
LaTeX Info: Redefining \rmfamily on input line 17984.
LaTeX Info: Redefining \sffamily on input line 17984.
LaTeX Info: Redefining \ttfamily on input line 17984.
 [190]
File: pipe.png Graphic file (type bmp)
<pipe.png>
LaTeX Info: Redefining \rmfamily on input line 18131.
LaTeX Info: Redefining \sffamily on input line 18131.
LaTeX Info: Redefining \ttfamily on input line 18131.

[191]
! Missing } inserted.
<inserted text> 
                }
l.18161 ...o U^2}{d} f_D(Re,\epsilon').\end{split}
                                                  
? 
! Missing $ inserted.
<inserted text> 
                $
l.18161 ...o U^2}{d} f_D(Re,\epsilon').\end{split}
                                                  
? 
! Missing $ inserted.
<inserted text> 
                $
l.18161 ...o U^2}{d} f_D(Re,\epsilon').\end{split}
                                                  
? 
! Missing { inserted.
<inserted text> 
                {
l.18161 ...o U^2}{d} f_D(Re,\epsilon').\end{split}
                                                  
? 
! Missing } inserted.
<inserted text> 
                }
l.18161 ...o U^2}{d} f_D(Re,\epsilon').\end{split}
                                                  
? 
! Missing $ inserted.
<inserted text> 
                $
l.18161 ...o U^2}{d} f_D(Re,\epsilon').\end{split}
                                                  
? 
! Missing $ inserted.
<inserted text> 
                $
l.18161 ...o U^2}{d} f_D(Re,\epsilon').\end{split}
                                                  
? 
! Missing { inserted.
<inserted text> 
                {
l.18161 ...o U^2}{d} f_D(Re,\epsilon').\end{split}
                                                  
? 
Missing character: There is no è in font cmmi10!

Overfull \hbox (132.02788pt too wide) in paragraph at lines 18169--18175
[][][][]$$[][][][][][][][][][][][][][][][][][][][][][][][][][][][][][][][][][][
][][][][][][][][][][][][][][][][][][][][][][][][][][][][][][][][][][][][][][][]
[][][][][][][][][][][][][][][][][][][][][][][][][][][][][][][][][][][][][]$\TU/
FreeSerif(0)/m/n/10 \lambda
 []

LaTeX Info: Redefining \rmfamily on input line 18182.
LaTeX Info: Redefining \sffamily on input line 18182.
LaTeX Info: Redefining \ttfamily on input line 18182.
[192]
! Missing } inserted.
<inserted text> 
                }
l.18239 \end{aligned}\end{align*}
                                 
? 
! Incomplete \ifodd; all text was ignored after line 18239.
<inserted text> 
                \fi 
l.18239 \end{aligned}\end{align*}
                                 
? 
! Missing $ inserted.
<inserted text> 
                $
l.18239 \end{aligned}\end{align*}
                                 
? 
Missing character: There is no ò in font cmmi10!
! Extra \fi.
\math@cr@@@ ...ef \next@ {&\kern -\alignsep@ }\fi 
                                                  \next@ \cr 
l.18239 \end{aligned}\end{align*}
                                 
? 
! Missing } inserted.
<inserted text> 
                }
l.18239 \end{aligned}\end{align*}
                                 
? 
! Incomplete \ifodd; all text was ignored after line 18239.
<inserted text> 
                \fi 
l.18239 \end{aligned}\end{align*}
                                 
? 
! Missing $ inserted.
<inserted text> 
                $
l.18239 \end{aligned}\end{align*}
                                 
? 
Missing character: There is no ò in font cmmi10!
! Missing } inserted.
<inserted text> 
                }
l.18239 \end{aligned}\end{align*}
                                 
? 
! Extra \fi.
\math@cr@@@ ...ef \next@ {&\kern -\alignsep@ }\fi 
                                                  \next@ \cr 
l.18239 \end{aligned}\end{align*}
                                 
? 
! Missing } inserted.
<inserted text> 
                }
l.18239 \end{aligned}\end{align*}
                                 
? 
! Missing } inserted.
<inserted text> 
                }
l.18239 \end{aligned}\end{align*}
                                 
? 
! Incomplete \ifodd; all text was ignored after line 18239.
<inserted text> 
                \fi 
l.18239 \end{aligned}\end{align*}
                                 
? 
! Missing $ inserted.
<inserted text> 
                $
l.18239 \end{aligned}\end{align*}
                                 
? 
Missing character: There is no ò in font cmmi10!
! Extra \fi.
\math@cr@@@ ...ef \next@ {&\kern -\alignsep@ }\fi 
                                                  \next@ \cr 
l.18239 \end{aligned}\end{align*}
                                 
? 
! Missing } inserted.
<inserted text> 
                }
l.18239 \end{aligned}\end{align*}
                                 
? 
! Incomplete \ifodd; all text was ignored after line 18239.
<inserted text> 
                \fi 
l.18239 \end{aligned}\end{align*}
                                 
? 
! Missing $ inserted.
<inserted text> 
                $
l.18239 \end{aligned}\end{align*}
                                 
? 
Missing character: There is no ò in font cmmi10!
! Missing } inserted.
<inserted text> 
                }
l.18239 \end{aligned}\end{align*}
                                 
? 
! Extra \fi.
\math@cr@@@ ...ef \next@ {&\kern -\alignsep@ }\fi 
                                                  \next@ \cr 
l.18239 \end{aligned}\end{align*}
                                 
? 
! Missing } inserted.
<inserted text> 
                }
l.18239 \end{aligned}\end{align*}
                                 
? 
LaTeX Info: Redefining \rmfamily on input line 18275.
LaTeX Info: Redefining \sffamily on input line 18275.
LaTeX Info: Redefining \ttfamily on input line 18275.
[193]

LaTeX Warning: File `{polimi/fluidmechanics-ita/template/capitoli/07_similitudi
ne/fig/MoodyChart}.jpg' not found on input line 18277.

! Unable to load picture or PDF file 'polimi/fluidmechanics-ita/template/capito
li/07_similitudine/fig/MoodyChart.jpg'.
<to be read again> 
                   }
l.18277 ...li/07_similitudine/fig/MoodyChart}.jpg}
                                                  \{width=»100\%»\}
? 

LaTeX Warning: File `{polimi/fluidmechanics-ita/template/capitoli/07_similitudi
ne/fig/MoodyChart}.jpg' not found on input line 18277.

File: polimi/fluidmechanics-ita/template/capitoli/07_similitudine/fig/MoodyChar
t.jpg Graphic file (type bmp)
<polimi/fluidmechanics-ita/template/capitoli/07_similitudine/fig/MoodyChart.jpg
>
File: helicopter.png Graphic file (type bmp)
<helicopter.png>
LaTeX Info: Redefining \rmfamily on input line 18390.
LaTeX Info: Redefining \sffamily on input line 18390.
LaTeX Info: Redefining \ttfamily on input line 18390.
[194]
LaTeX Info: Redefining \rmfamily on input line 18420.
LaTeX Info: Redefining \sffamily on input line 18420.
LaTeX Info: Redefining \ttfamily on input line 18420.
 [195]
LaTeX Info: Redefining \rmfamily on input line 18445.
LaTeX Info: Redefining \sffamily on input line 18445.
LaTeX Info: Redefining \ttfamily on input line 18445.
 [196]
Capitolo 8.

LaTeX Warning: Hyper reference `polimi/fluidmechanics-ita/template/capitoli/08_
aerodinamica/theorems:fluid-mechanics-aerodynamics-vortex-theorems' on page 197
 undefined on input line 18464.


LaTeX Warning: Hyper reference `polimi/fluidmechanics-ita/template/capitoli/08_
aerodinamica/singularities:fluid-mechanics-aerodynamics-singularities' on page 
197 undefined on input line 18467.


LaTeX Warning: Hyper reference `polimi/fluidmechanics-ita/template/capitoli/08_
aerodinamica/steady-aerodynamics:fluid-mechanics-aerodynamics-steady' on page 1
97 undefined on input line 18470.

[197

]
Missing character: There is no 𝜔 in font [FreeSerifBold.otf]/OT:script=latn;lan
guage=dflt;!
Missing character: There is no 𝜔 in font [FreeSerifBold.otf]/OT:script=latn;lan
guage=dflt;!
Missing character: There is no 𝜔 in font [FreeSerifBold.otf]/OT:script=latn;lan
guage=dflt;!
Missing character: There is no 𝜔 in font [FreeSerifBold.otf]/OT:script=latn;lan
guage=dflt;!
Missing character: There is no 𝜔 in font [FreeSerifBold.otf]/OT:script=latn;lan
guage=dflt;!
Missing character: There is no 𝜔 in font [FreeSerifBold.otf]/OT:script=latn;lan
guage=dflt;!
Missing character: There is no 𝜔 in font [FreeSerifBold.otf]/OT:script=latn;lan
guage=dflt;!
Missing character: There is no 𝜔 in font [FreeSerifBold.otf]/OT:script=latn;lan
guage=dflt;!
Missing character: There is no 𝜔 in font [FreeSerifBold.otf]/OT:script=latn;lan
guage=dflt;!
Missing character: There is no 𝜔 in font [FreeSerifBold.otf]/OT:script=latn;lan
guage=dflt;!
Missing character: There is no 𝜔 in font [FreeSerifBold.otf]/OT:script=latn;lan
guage=dflt;!
Missing character: There is no 𝜔 in font [FreeSerifBold.otf]/OT:script=latn;lan
guage=dflt;!
Missing character: There is no 𝜔 in font [FreeSerifBold.otf]/OT:script=latn;lan
guage=dflt;!
Missing character: There is no 𝜔 in font [FreeSerifBold.otf]/OT:script=latn;lan
guage=dflt;!
Missing character: There is no 𝜔 in font [FreeSerifBold.otf]/OT:script=latn;lan
guage=dflt;!
Missing character: There is no 𝜔 in font [FreeSerifBold.otf]/OT:script=latn;lan
guage=dflt;!
Missing character: There is no 𝜔 in font [FreeSerifBold.otf]/OT:script=latn;lan
guage=dflt;!
Missing character: There is no 𝜔 in font [FreeSerifBold.otf]/OT:script=latn;lan
guage=dflt;!
Missing character: There is no 𝜔 in font [FreeSerifBold.otf]/OT:script=latn;lan
guage=dflt;!


LaTeX Font Warning: Command \small invalid in math mode on input line 18564.

LaTeX Font Info:    Font shape `TU/latinmodern-math.otf(2)/m/n' will be
(Font)              scaled to size 9.00096pt on input line 18564.
LaTeX Font Info:    Font shape `TU/latinmodern-math.otf(3)/m/n' will be
(Font)              scaled to size 8.99904pt on input line 18564.

LaTeX Font Warning: Command \small invalid in math mode on input line 18564.


LaTeX Font Warning: Command \small invalid in math mode on input line 18564.


LaTeX Font Warning: Command \small invalid in math mode on input line 18564.

LaTeX Info: Redefining \rmfamily on input line 18589.
LaTeX Info: Redefining \sffamily on input line 18589.
LaTeX Info: Redefining \ttfamily on input line 18589.
[198]
LaTeX Info: Redefining \rmfamily on input line 18635.
LaTeX Info: Redefining \sffamily on input line 18635.
LaTeX Info: Redefining \ttfamily on input line 18635.
 [199]
LaTeX Info: Redefining \rmfamily on input line 18716.
LaTeX Info: Redefining \sffamily on input line 18716.
LaTeX Info: Redefining \ttfamily on input line 18716.
 [200]
LaTeX Info: Redefining \rmfamily on input line 18776.
LaTeX Info: Redefining \sffamily on input line 18776.
LaTeX Info: Redefining \ttfamily on input line 18776.
 [201]
LaTeX Info: Redefining \rmfamily on input line 18836.
LaTeX Info: Redefining \sffamily on input line 18836.
LaTeX Info: Redefining \ttfamily on input line 18836.
 [202]

LaTeX Warning: Hyper reference `polimi/fluidmechanics-ita/template/capitoli/08_
aerodinamica/steady-aerodynamics-2d:fluid-mechanics-aerodynamics-steady-2d' on 
page 203 undefined on input line 18868.


LaTeX Warning: Hyper reference `polimi/fluidmechanics-ita/template/capitoli/08_
aerodinamica/steady-aerodynamics-3d:fluid-mechanics-aerodynamics-steady-3d' on 
page 203 undefined on input line 18871.

LaTeX Info: Redefining \rmfamily on input line 18897.
LaTeX Info: Redefining \sffamily on input line 18897.
LaTeX Info: Redefining \ttfamily on input line 18897.
[203]
LaTeX Info: Redefining \rmfamily on input line 18940.
LaTeX Info: Redefining \sffamily on input line 18940.
LaTeX Info: Redefining \ttfamily on input line 18940.
 [204]
LaTeX Info: Redefining \rmfamily on input line 18987.
LaTeX Info: Redefining \sffamily on input line 18987.
LaTeX Info: Redefining \ttfamily on input line 18987.
 [205]
LaTeX Info: Redefining \rmfamily on input line 19045.
LaTeX Info: Redefining \sffamily on input line 19045.
LaTeX Info: Redefining \ttfamily on input line 19045.
 [206]
LaTeX Info: Redefining \rmfamily on input line 19111.
LaTeX Info: Redefining \sffamily on input line 19111.
LaTeX Info: Redefining \ttfamily on input line 19111.
 [207]
! Extra alignment tab has been changed to \cr.
<template> ...w@strut \hfil $\relax $\endtemplate 
                                                  
l.19116 ... \partial \Omega \end{cases}\end{split}
                                                  
? 
! Extra alignment tab has been changed to \cr.
<template> ...w@strut \hfil $\relax $\endtemplate 
                                                  
l.19116 ... \partial \Omega \end{cases}\end{split}
                                                  
? 
! Extra alignment tab has been changed to \cr.
<template> ...w@strut \hfil $\relax $\endtemplate 
                                                  
l.19116 ... \partial \Omega \end{cases}\end{split}
                                                  
? 
! Extra alignment tab has been changed to \cr.
<template> ...w@strut \hfil $\relax $\endtemplate 
                                                  
l.19116 ... \partial \Omega \end{cases}\end{split}
                                                  
? 
! Extra alignment tab has been changed to \cr.
<template> ...w@strut \hfil $\relax $\endtemplate 
                                                  
l.19116 ... \partial \Omega \end{cases}\end{split}
                                                  
? 
! Extra alignment tab has been changed to \cr.
<template> ...w@strut \hfil $\relax $\endtemplate 
                                                  
l.19116 ... \partial \Omega \end{cases}\end{split}
                                                  
? 
LaTeX Info: Redefining \rmfamily on input line 19154.
LaTeX Info: Redefining \sffamily on input line 19154.
LaTeX Info: Redefining \ttfamily on input line 19154.
[208]
LaTeX Info: Redefining \rmfamily on input line 19215.
LaTeX Info: Redefining \sffamily on input line 19215.
LaTeX Info: Redefining \ttfamily on input line 19215.
 [209]
! Extra }, or forgotten \right.
<template> }
            $\hfil \endtemplate 
l.19246 \end{aligned}\end{split}
                                
? 
! Missing \right. inserted.
<inserted text> 
                \right .
l.19246 \end{aligned}\end{split}
                                
? 
! Missing } inserted.
<inserted text> 
                }
l.19246 \end{aligned}\end{split}
                                
? 
! Missing } inserted.
<inserted text> 
                }
l.19246 \end{aligned}\end{split}
                                
? 
! Extra \right.
<argument> ...bf {r}; \mathbf {r}_0) = \\ \right ]
                                                   = \\ & = \oint _{\mathbf ...
l.19246 \end{aligned}\end{split}
                                
? 
! Undefined control sequence.
\math@cr@@@ ...t@ {&\kern -\alignsep@ }\fi \next@ 
                                                  \cr 
l.19246 \end{aligned}\end{split}
                                
? 
! Missing { inserted.
<inserted text> 
                {
l.19246 \end{aligned}\end{split}
                                
? 
! Extra }, or forgotten \right.
<template> }
            $\hfil \endtemplate 
l.19246 \end{aligned}\end{split}
                                
? 
! Missing \right. inserted.
<inserted text> 
                \right .
l.19246 \end{aligned}\end{split}
                                
? 
! Missing } inserted.
<inserted text> 
                }
l.19246 \end{aligned}\end{split}
                                
? 
! Missing } inserted.
<inserted text> 
                }
l.19246 \end{aligned}\end{split}
                                
? 
! Extra \right.
<argument> ...bf {r}; \mathbf {r}_0) = \\ \right ]
                                                   = \\ & = \oint _{\mathbf ...
l.19246 \end{aligned}\end{split}
                                
? 
! Undefined control sequence.
\math@cr@@@ ...t@ {&\kern -\alignsep@ }\fi \next@ 
                                                  \cr 
l.19246 \end{aligned}\end{split}
                                
? 
! Missing { inserted.
<inserted text> 
                {
l.19246 \end{aligned}\end{split}
                                
? 
LaTeX Info: Redefining \rmfamily on input line 19278.
LaTeX Info: Redefining \sffamily on input line 19278.
LaTeX Info: Redefining \ttfamily on input line 19278.
[210]
LaTeX Info: Redefining \rmfamily on input line 19330.
LaTeX Info: Redefining \sffamily on input line 19330.
LaTeX Info: Redefining \ttfamily on input line 19330.
 [211]
LaTeX Info: Redefining \rmfamily on input line 19374.
LaTeX Info: Redefining \sffamily on input line 19374.
LaTeX Info: Redefining \ttfamily on input line 19374.
 [212]

LaTeX Warning: Hyper reference `polimi/fluidmechanics-ita/template/capitoli/04_
bilanci/04teoria:fluid-mechanics-balances' on page 213 undefined on input line 
19402.


LaTeX Warning: Hyper reference `polimi/fluidmechanics-ita/template/capitoli/05_
bernoulli/05teoria:fluid-mechanics-bernoulli' on page 213 undefined on input li
ne 19427.

LaTeX Info: Redefining \rmfamily on input line 19450.
LaTeX Info: Redefining \sffamily on input line 19450.
LaTeX Info: Redefining \ttfamily on input line 19450.
[213]
LaTeX Info: Redefining \rmfamily on input line 19476.
LaTeX Info: Redefining \sffamily on input line 19476.
LaTeX Info: Redefining \ttfamily on input line 19476.
 [214]

LaTeX Warning: Hyper reference `polimi/fluidmechanics-ita/template/capitoli/08_
aerodinamica/singularities:fluid-mechanics-aerodynamics-singularities' on page 
215 undefined on input line 19531.

LaTeX Info: Redefining \rmfamily on input line 19545.
LaTeX Info: Redefining \sffamily on input line 19545.
LaTeX Info: Redefining \ttfamily on input line 19545.
[215]

LaTeX Warning: Hyper reference `polimi/fluidmechanics-ita/template/capitoli/08_
aerodinamica/steady-aerodynamics-3d:fluid-mechanics-aerodynamics-steady-3d-wake
' on page 216 undefined on input line 19547.


LaTeX Warning: Hyper reference `polimi/fluidmechanics-ita/template/capitoli/08_
aerodinamica/singularities:fluid-mechanics-aerodynamics-singularities' on page 
216 undefined on input line 19547.

! Extra alignment tab has been changed to \cr.
<template> ...w@strut \hfil $\relax $\endtemplate 
                                                  
l.19587 ... \partial \Omega \end{cases}\end{split}
                                                  
? 
! Extra alignment tab has been changed to \cr.
<template> ...w@strut \hfil $\relax $\endtemplate 
                                                  
l.19587 ... \partial \Omega \end{cases}\end{split}
                                                  
? 
! Extra alignment tab has been changed to \cr.
<template> ...w@strut \hfil $\relax $\endtemplate 
                                                  
l.19587 ... \partial \Omega \end{cases}\end{split}
                                                  
? 
! Extra alignment tab has been changed to \cr.
<template> ...w@strut \hfil $\relax $\endtemplate 
                                                  
l.19587 ... \partial \Omega \end{cases}\end{split}
                                                  
? 
! Extra alignment tab has been changed to \cr.
<template> ...w@strut \hfil $\relax $\endtemplate 
                                                  
l.19587 ... \partial \Omega \end{cases}\end{split}
                                                  
? 
! Extra alignment tab has been changed to \cr.
<template> ...w@strut \hfil $\relax $\endtemplate 
                                                  
l.19587 ... \partial \Omega \end{cases}\end{split}
                                                  
? 
LaTeX Info: Redefining \rmfamily on input line 19603.
LaTeX Info: Redefining \sffamily on input line 19603.
LaTeX Info: Redefining \ttfamily on input line 19603.
[216]
LaTeX Info: Redefining \rmfamily on input line 19647.
LaTeX Info: Redefining \sffamily on input line 19647.
LaTeX Info: Redefining \ttfamily on input line 19647.
 [217]
LaTeX Info: Redefining \rmfamily on input line 19705.
LaTeX Info: Redefining \sffamily on input line 19705.
LaTeX Info: Redefining \ttfamily on input line 19705.
 [218]
LaTeX Info: Redefining \rmfamily on input line 19755.
LaTeX Info: Redefining \sffamily on input line 19755.
LaTeX Info: Redefining \ttfamily on input line 19755.
 [219]
! Extra }, or forgotten \right.
<template> }
            $\hfil \endtemplate 
l.19773 \end{aligned}\end{split}
                                
? 
! Missing \right. inserted.
<inserted text> 
                \right .
l.19773 \end{aligned}\end{split}
                                
? 
! Missing } inserted.
<inserted text> 
                }
l.19773 \end{aligned}\end{split}
                                
? 
! Missing } inserted.
<inserted text> 
                }
l.19773 \end{aligned}\end{split}
                                
? 
! Extra \right.
<argument> ...bf {r}; \mathbf {r}_0) = \\ \right ]
                                                   = \\ & = \oint _{\mathbf ...
l.19773 \end{aligned}\end{split}
                                
? 
! Undefined control sequence.
\math@cr@@@ ...t@ {&\kern -\alignsep@ }\fi \next@ 
                                                  \cr 
l.19773 \end{aligned}\end{split}
                                
? 
! Missing { inserted.
<inserted text> 
                {
l.19773 \end{aligned}\end{split}
                                
? 
! Extra }, or forgotten \right.
<template> }
            $\hfil \endtemplate 
l.19773 \end{aligned}\end{split}
                                
? 
! Missing \right. inserted.
<inserted text> 
                \right .
l.19773 \end{aligned}\end{split}
                                
? 
! Missing } inserted.
<inserted text> 
                }
l.19773 \end{aligned}\end{split}
                                
? 
! Missing } inserted.
<inserted text> 
                }
l.19773 \end{aligned}\end{split}
                                
? 
! Extra \right.
<argument> ...bf {r}; \mathbf {r}_0) = \\ \right ]
                                                   = \\ & = \oint _{\mathbf ...
l.19773 \end{aligned}\end{split}
                                
? 
! Undefined control sequence.
\math@cr@@@ ...t@ {&\kern -\alignsep@ }\fi \next@ 
                                                  \cr 
l.19773 \end{aligned}\end{split}
                                
? 
! Missing { inserted.
<inserted text> 
                {
l.19773 \end{aligned}\end{split}
                                
? 
LaTeX Info: Redefining \rmfamily on input line 19838.
LaTeX Info: Redefining \sffamily on input line 19838.
LaTeX Info: Redefining \ttfamily on input line 19838.
[220]
LaTeX Info: Redefining \rmfamily on input line 19886.
LaTeX Info: Redefining \sffamily on input line 19886.
LaTeX Info: Redefining \ttfamily on input line 19886.
 [221]
LaTeX Info: Redefining \rmfamily on input line 19966.
LaTeX Info: Redefining \sffamily on input line 19966.
LaTeX Info: Redefining \ttfamily on input line 19966.
 [222]
! Missing $ inserted.
<inserted text> 
                $
l.20042 ...effect (\(\texttt{ground_effect = True}
                                                  \) or \(\texttt{False}\)) ...

? 
! Extra }, or forgotten $.
\textdef@ ...th {#1}\let \f@size #2\selectfont #3}
                                                  }
l.20042 ...effect (\(\texttt{ground_effect = True}
                                                  \) or \(\texttt{False}\)) ...

? 
! Extra }, or forgotten $.
\textdef@ ...h {#1}\let \f@size #2\selectfont #3}}
                                                  
l.20042 ...effect (\(\texttt{ground_effect = True}
                                                  \) or \(\texttt{False}\)) ...

? 
! Extra }, or forgotten $.
\text@ ...e {\textdef@ \displaystyle \f@size {#1}}
                                                  {\textdef@ \textstyle \f@s...
l.20042 ...effect (\(\texttt{ground_effect = True}
                                                  \) or \(\texttt{False}\)) ...

? 
! Missing $ inserted.
<inserted text> 
                $
l.20042 ...effect (\(\texttt{ground_effect = True}
                                                  \) or \(\texttt{False}\)) ...

? 
! Extra }, or forgotten $.
\textdef@ ...th {#1}\let \f@size #2\selectfont #3}
                                                  }
l.20042 ...effect (\(\texttt{ground_effect = True}
                                                  \) or \(\texttt{False}\)) ...

? 
! Extra }, or forgotten $.
\textdef@ ...h {#1}\let \f@size #2\selectfont #3}}
                                                  
l.20042 ...effect (\(\texttt{ground_effect = True}
                                                  \) or \(\texttt{False}\)) ...

? 
! Extra }, or forgotten $.
\text@ ...xtstyle \f@size {\firstchoice@false #1}}
                                                  {\textdef@ \textstyle \sf@...
l.20042 ...effect (\(\texttt{ground_effect = True}
                                                  \) or \(\texttt{False}\)) ...

? 
! Missing $ inserted.
<inserted text> 
                $
l.20042 ...effect (\(\texttt{ground_effect = True}
                                                  \) or \(\texttt{False}\)) ...

? 
! Extra }, or forgotten $.
\textdef@ ...th {#1}\let \f@size #2\selectfont #3}
                                                  }
l.20042 ...effect (\(\texttt{ground_effect = True}
                                                  \) or \(\texttt{False}\)) ...

? 
! Extra }, or forgotten $.
\textdef@ ...h {#1}\let \f@size #2\selectfont #3}}
                                                  
l.20042 ...effect (\(\texttt{ground_effect = True}
                                                  \) or \(\texttt{False}\)) ...

? 
! Extra }, or forgotten $.
\text@ ...tstyle \sf@size {\firstchoice@false #1}}
                                                  {\textdef@ \textstyle \ssf...
l.20042 ...effect (\(\texttt{ground_effect = True}
                                                  \) or \(\texttt{False}\)) ...

? 
! Missing $ inserted.
<inserted text> 
                $
l.20042 ...effect (\(\texttt{ground_effect = True}
                                                  \) or \(\texttt{False}\)) ...

? 
! Extra }, or forgotten $.
\textdef@ ...th {#1}\let \f@size #2\selectfont #3}
                                                  }
l.20042 ...effect (\(\texttt{ground_effect = True}
                                                  \) or \(\texttt{False}\)) ...

? 
! Extra }, or forgotten $.
\textdef@ ...h {#1}\let \f@size #2\selectfont #3}}
                                                  
l.20042 ...effect (\(\texttt{ground_effect = True}
                                                  \) or \(\texttt{False}\)) ...

? 
! Extra }, or forgotten $.
\text@ ...style \ssf@size {\firstchoice@false #1}}
                                                  \check@mathfonts }
l.20042 ...effect (\(\texttt{ground_effect = True}
                                                  \) or \(\texttt{False}\)) ...

? 
! Extra }, or forgotten $.
\text@ ...firstchoice@false #1}}\check@mathfonts }
                                                  
l.20042 ...effect (\(\texttt{ground_effect = True}
                                                  \) or \(\texttt{False}\)) ...

? 
! Missing } inserted.
<inserted text> 
                }
l.20052 \end{itemize}
                     
? 
! Missing } inserted.
<inserted text> 
                }
l.20052 \end{itemize}
                     
? 
! Missing } inserted.
<inserted text> 
                }
l.20052 \end{itemize}
                     
? 
! Missing $ inserted.
<inserted text> 
                $
l.20052 \end{itemize}
                     
? 
! Missing } inserted.
<inserted text> 
                }
l.20052 \end{itemize}
                     
? 
! Missing } inserted.
<inserted text> 
                }
l.20052 \end{itemize}
                     
? 
! Missing } inserted.
<inserted text> 
                }
l.20052 \end{itemize}
                     
? 
! Missing $ inserted.
<inserted text> 
                $
l.20052 \end{itemize}
                     
? 
! Missing } inserted.
<inserted text> 
                }
l.20052 \end{itemize}
                     
? 
! Missing } inserted.
<inserted text> 
                }
l.20052 \end{itemize}
                     
? 
! Missing } inserted.
<inserted text> 
                }
l.20052 \end{itemize}
                     
? 
! Missing $ inserted.
<inserted text> 
                $
l.20052 \end{itemize}
                     
? 
! Missing } inserted.
<inserted text> 
                }
l.20052 \end{itemize}
                     
? 
! Missing } inserted.
<inserted text> 
                }
l.20052 \end{itemize}
                     
? 
! Missing } inserted.
<inserted text> 
                }
l.20052 \end{itemize}
                     
? 
! Missing { inserted.
<to be read again> 
                   \endgroup 
l.20052 \end{itemize}
                     
? 
! Missing } inserted.
<inserted text> 
                }
l.20052 \end{itemize}
                     
? 
! Missing { inserted.
<to be read again> 
                   \endgroup 
l.20052 \end{itemize}
                     
? 
! Missing } inserted.
<inserted text> 
                }
l.20052 \end{itemize}
                     
? 
! Missing { inserted.
<to be read again> 
                   \endgroup 
l.20052 \end{itemize}
                     
? 
! Missing } inserted.
<inserted text> 
                }
l.20052 \end{itemize}
                     
? 
! Missing } inserted.
<inserted text> 
                }
l.20052 \end{itemize}
                     
? 
! Missing $ inserted.
<inserted text> 
                $
l.20052 \end{itemize}
                     
? 
LaTeX Info: Redefining \rmfamily on input line 20076.
LaTeX Info: Redefining \sffamily on input line 20076.
LaTeX Info: Redefining \ttfamily on input line 20076.
[223]
LaTeX Info: Redefining \rmfamily on input line 20247.
LaTeX Info: Redefining \sffamily on input line 20247.
LaTeX Info: Redefining \ttfamily on input line 20247.
 [224]
Underfull \vbox (badness 10000) detected at line 20247
 []


Underfull \vbox (badness 10000) detected at line 20247
 []

LaTeX Info: Redefining \rmfamily on input line 20247.
LaTeX Info: Redefining \sffamily on input line 20247.
LaTeX Info: Redefining \ttfamily on input line 20247.
[225]
LaTeX Info: Redefining \rmfamily on input line 20253.
LaTeX Info: Redefining \sffamily on input line 20253.
LaTeX Info: Redefining \ttfamily on input line 20253.
 [226]
LaTeX Info: Redefining \rmfamily on input line 20349.
LaTeX Info: Redefining \sffamily on input line 20349.
LaTeX Info: Redefining \ttfamily on input line 20349.
 [227]
LaTeX Info: Redefining \rmfamily on input line 20378.
LaTeX Info: Redefining \sffamily on input line 20378.
LaTeX Info: Redefining \ttfamily on input line 20378.
 [228]
LaTeX Info: Redefining \rmfamily on input line 20459.
LaTeX Info: Redefining \sffamily on input line 20459.
LaTeX Info: Redefining \ttfamily on input line 20459.
 [229]
File: b63949f08f17f3a8adc8b58016eab41b3fa9407c78431aed6205a5755f3f3dbe.png Grap
hic file (type bmp)
<b63949f08f17f3a8adc8b58016eab41b3fa9407c78431aed6205a5755f3f3dbe.png>
LaTeX Info: Redefining \rmfamily on input line 20471.
LaTeX Info: Redefining \sffamily on input line 20471.
LaTeX Info: Redefining \ttfamily on input line 20471.
 [230]
LaTeX Info: Redefining \rmfamily on input line 20550.
LaTeX Info: Redefining \sffamily on input line 20550.
LaTeX Info: Redefining \ttfamily on input line 20550.
 [231]
File: f47a973e8a08bc7d213627688685d60a8776f167d79fd9b5e8bc0d288f6977ed.png Grap
hic file (type bmp)
<f47a973e8a08bc7d213627688685d60a8776f167d79fd9b5e8bc0d288f6977ed.png>
LaTeX Info: Redefining \rmfamily on input line 20584.
LaTeX Info: Redefining \sffamily on input line 20584.
LaTeX Info: Redefining \ttfamily on input line 20584.
 [232]
LaTeX Info: Redefining \rmfamily on input line 20679.
LaTeX Info: Redefining \sffamily on input line 20679.
LaTeX Info: Redefining \ttfamily on input line 20679.
 [233]
File: d71932f93bc98add3fcc594f88081b195ca7fb0382f14a8d7fd72b868b36f318.png Grap
hic file (type bmp)
<d71932f93bc98add3fcc594f88081b195ca7fb0382f14a8d7fd72b868b36f318.png>
LaTeX Info: Redefining \rmfamily on input line 20700.
LaTeX Info: Redefining \sffamily on input line 20700.
LaTeX Info: Redefining \ttfamily on input line 20700.
 [234]
File: ae58d565f344f229178cfef612e0efcda658c458fbb5bd678dfaf13f1034e843.png Grap
hic file (type bmp)
<ae58d565f344f229178cfef612e0efcda658c458fbb5bd678dfaf13f1034e843.png>
File: 1805b7b7ca05d06275714cd9c2ff910579cd071ba75a391a79843516e2e8d64a.png Grap
hic file (type bmp)
<1805b7b7ca05d06275714cd9c2ff910579cd071ba75a391a79843516e2e8d64a.png>
LaTeX Info: Redefining \rmfamily on input line 20708.
LaTeX Info: Redefining \sffamily on input line 20708.
LaTeX Info: Redefining \ttfamily on input line 20708.
 [235]
File: c7c7ea02ff86aefde10dcbd8dd0ea3dcbca2c508fca929c0c5e354fca0377a22.png Grap
hic file (type bmp)
<c7c7ea02ff86aefde10dcbd8dd0ea3dcbca2c508fca929c0c5e354fca0377a22.png>
LaTeX Info: Redefining \rmfamily on input line 20762.
LaTeX Info: Redefining \sffamily on input line 20762.
LaTeX Info: Redefining \ttfamily on input line 20762.
 [236]
File: 93ecc9814c61de152a06728b5a2fce8de8096a625c8f02304f583c78cea60762.png Grap
hic file (type bmp)
<93ecc9814c61de152a06728b5a2fce8de8096a625c8f02304f583c78cea60762.png>
File: f773c44712a7683d301532e4277e96bf745fa52ba8dbfa15f7c2049bd6843e6a.png Grap
hic file (type bmp)
<f773c44712a7683d301532e4277e96bf745fa52ba8dbfa15f7c2049bd6843e6a.png>
File: be4fe873226551a6aa68fc5555060080fba28059043136f96d9fdd4dcb7c6fcc.png Grap
hic file (type bmp)
<be4fe873226551a6aa68fc5555060080fba28059043136f96d9fdd4dcb7c6fcc.png>
File: 35734159a64b3de3ee9ac822e35d2b3818de5f99bc4e5b65c1c4511ae913df00.png Grap
hic file (type bmp)
<35734159a64b3de3ee9ac822e35d2b3818de5f99bc4e5b65c1c4511ae913df00.png>
LaTeX Info: Redefining \rmfamily on input line 20770.
LaTeX Info: Redefining \sffamily on input line 20770.
LaTeX Info: Redefining \ttfamily on input line 20770.

[237]
Overfull \vbox (2.74043pt too high) detected at line 20831
 []

LaTeX Info: Redefining \rmfamily on input line 20831.
LaTeX Info: Redefining \sffamily on input line 20831.
LaTeX Info: Redefining \ttfamily on input line 20831.
[238]
File: 03087b9b9a8a025b790df39a797b1c10da12fb204139a093362741c638522f3d.png Grap
hic file (type bmp)
<03087b9b9a8a025b790df39a797b1c10da12fb204139a093362741c638522f3d.png>
File: piano2.png Graphic file (type bmp)
<piano2.png>
LaTeX Info: Redefining \rmfamily on input line 20986.
LaTeX Info: Redefining \sffamily on input line 20986.
LaTeX Info: Redefining \ttfamily on input line 20986.
 [239]
! Undefined control sequence.
l.21558 incomprimibili. \$\(\bm
                               {u} = \bm{\nabla} \phi \quad
? 
! Undefined control sequence.
l.21558 incomprimibili. \$\(\bm{u} = \bm
                                        {\nabla} \phi \quad
? 
! Undefined control sequence.
l.21566   \int_{A}^B \bm
                        {u} \cdot {\bm{\hat{n}}} & =
? 
! Undefined control sequence.
l.21566   \int_{A}^B \bm{u} \cdot {\bm
                                      {\hat{n}}} & =
? 

Underfull \hbox (badness 10000) in paragraph at lines 21556--21574
[]\TU/FreeSerif(0)/m/n/10 Legame tra potenziale e velocità. Funzione di corrent
e per problemi 2D incomprimibili. $$[] []
 []


Overfull \hbox (119.75394pt too wide) in paragraph at lines 21556--21574
[][]  []$$[][][][][][][][][][][][][][][][][][][][][][][][][][][][][][][][][][][
][][][][][][][][][][][][][]$$[][]$\TU/FreeSerif(0)/m/n/10 $ 
 []

! Undefined control sequence.
l.21581 \(\phi\), \(\bm
                       {u}\), \(\psi\):
? 
Missing character: There is no è in font cmmi10!

Underfull \hbox (badness 10000) in paragraph at lines 21604--21614
[]\TU/FreeSerif(0)/m/n/10 flusso attraverso $[][]$ e $[][]$. La normale conside
rata «punta a destra» men-
 []


Underfull \hbox (badness 10000) in paragraph at lines 21604--21614
\TU/FreeSerif(0)/m/n/10 tre viene percorsa la curva: valgono quindi $[][] [] []
[]$ e $[][] [] [][][]$.
 []


Overfull \hbox (253.40965pt too wide) in paragraph at lines 21604--21614
\TU/FreeSerif(0)/m/n/10 $$[]$$[][][][][][][][][][][][][][][][][][][][][][][][][
][][][][][][][][][][][]$AB$[]$BC$[][][][][][][][][][][][][][][][][][][][][][][]
[][][][][][][][][][][][][][][][][][][][][][][][][][][][][][][][][]$AB$[][][][][
][]$BC$.
 []

LaTeX Info: Redefining \rmfamily on input line 21614.
LaTeX Info: Redefining \sffamily on input line 21614.
LaTeX Info: Redefining \ttfamily on input line 21614.
[240]
Missing character: There is no ò in font cmmi10!

! Undefined control sequence.
l.21623 \)\(\bm
               {\nabla}\phi \cdot \bm{\nabla}\psi = u v - v u = 0\)\$
? 
! Undefined control sequence.
l.21623 \)\(\bm{\nabla}\phi \cdot \bm
                                     {\nabla}\psi = u v - v u = 0\)\$
? 
LaTeX Info: Redefining \rmfamily on input line 21630.
LaTeX Info: Redefining \sffamily on input line 21630.
LaTeX Info: Redefining \ttfamily on input line 21630.
[241]
LaTeX Info: Redefining \rmfamily on input line 21630.
LaTeX Info: Redefining \sffamily on input line 21630.
LaTeX Info: Redefining \ttfamily on input line 21630.
 [242

]
Capitolo 9.
[243]
LaTeX Info: Redefining \rmfamily on input line 21759.
LaTeX Info: Redefining \sffamily on input line 21759.
LaTeX Info: Redefining \ttfamily on input line 21759.
 [244]
LaTeX Info: Redefining \rmfamily on input line 21809.
LaTeX Info: Redefining \sffamily on input line 21809.
LaTeX Info: Redefining \ttfamily on input line 21809.
 [245]
LaTeX Info: Redefining \rmfamily on input line 21899.
LaTeX Info: Redefining \sffamily on input line 21899.
LaTeX Info: Redefining \ttfamily on input line 21899.
 [246]
Capitolo 10.
! Argument of \split has an extra }.
<inserted text> 
                \par 
l.21926 ...f{u} \otimes \mathbf{u} \right) \right}
                                                  _i = ( u_j u_i )_{/j} = \u...

? 
Runaway argument?
\left \{ \nabla \cdot \left ( \mathbf {u} \otimes \mathbf {u} \right \ETC.
! Paragraph ended before \split was complete.
<to be read again> 
                   \par 
l.21926 ...f{u} \otimes \mathbf{u} \right) \right}
                                                  _i = ( u_j u_i )_{/j} = \u...

? 
! Missing $ inserted.
<inserted text> 
                $
l.21926 ...f{u} \otimes \mathbf{u} \right) \right}
                                                  _i = ( u_j u_i )_{/j} = \u...

? 
! Missing \endgroup inserted.
<inserted text> 
                \endgroup 
l.21926 ...f{u} \otimes \mathbf{u} \right) \right}
                                                  _i = ( u_j u_i )_{/j} = \u...

? 
! Missing \endgroup inserted.
<inserted text> 
                \endgroup 
l.21926 ...f{u} \otimes \mathbf{u} \right) \right}
                                                  _i = ( u_j u_i )_{/j} = \u...

? 
! Display math should end with $$.
<to be read again> 
                   \par 
l.21926 ...f{u} \otimes \mathbf{u} \right) \right}
                                                  _i = ( u_j u_i )_{/j} = \u...

? 
! Extra }, or forgotten \endgroup.
<recently read> }
                 
l.21926 ...f{u} \otimes \mathbf{u} \right) \right}
                                                  _i = ( u_j u_i )_{/j} = \u...

? 
! Missing $ inserted.
<inserted text> 
                $
l.21926 ...{u} \otimes \mathbf{u} \right) \right}_
                                                  i = ( u_j u_i )_{/j} = \un...

? 
! Misplaced \crcr.
\endsplit ->\crcr 
                  \egroup \egroup \iftagsleft@ \@xp \lendsplit@ \else \@xp \...
l.21926 ... ) \mathbf{u} \right\}_i \ ,\end{split}
                                                  
? 
! Extra }, or forgotten $.
\endsplit ->\crcr \egroup 
                          \egroup \iftagsleft@ \@xp \lendsplit@ \else \@xp \...
l.21926 ... ) \mathbf{u} \right\}_i \ ,\end{split}
                                                  
? 
! Extra }, or forgotten $.
\endsplit ->\crcr \egroup \egroup 
                                  \iftagsleft@ \@xp \lendsplit@ \else \@xp \...
l.21926 ... ) \mathbf{u} \right\}_i \ ,\end{split}
                                                  
? 

! LaTeX Error: \begin{equation*} on input line 21925 ended by \end{split}.

See the LaTeX manual or LaTeX Companion for explanation.
Type  H <return>  for immediate help.
 ...                                              
                                                  
l.21926 ... ) \mathbf{u} \right\}_i \ ,\end{split}
                                                  
? 
! Missing $ inserted.
<inserted text> 
                $
l.21926 ... ) \mathbf{u} \right\}_i \ ,\end{split}
                                                  
? 
! Missing $ inserted.
<inserted text> 
                $
l.21926 ... ) \mathbf{u} \right\}_i \ ,\end{split}
                                                  
? 
! Missing $ inserted.
<inserted text> 
                $
l.21926 ... ) \mathbf{u} \right\}_i \ ,\end{split}
                                                  
? 

! LaTeX Error: Bad math environment delimiter.

See the LaTeX manual or LaTeX Companion for explanation.
Type  H <return>  for immediate help.
 ...                                              
                                                  
l.21927 \end{equation*}
                       
? 

! LaTeX Error: \begin{document} ended by \end{equation*}.

See the LaTeX manual or LaTeX Companion for explanation.
Type  H <return>  for immediate help.
 ...                                              
                                                  
l.21927 \end{equation*}
                       
? 
! Missing $ inserted.
<inserted text> 
                $
l.21927 \end{equation*}
                       
? 
! Display math should end with $$.
<to be read again> 
                   \endgroup 
l.21927 \end{equation*}
                       
? 
! Extra \endgroup.
<recently read> \endgroup 
                          
l.21927 \end{equation*}
                       
? 
[247

]
LaTeX Info: Redefining \rmfamily on input line 22019.
LaTeX Info: Redefining \sffamily on input line 22019.
LaTeX Info: Redefining \ttfamily on input line 22019.
 [248]
LaTeX Info: Redefining \rmfamily on input line 22082.
LaTeX Info: Redefining \sffamily on input line 22082.
LaTeX Info: Redefining \ttfamily on input line 22082.
 [249]
LaTeX Info: Redefining \rmfamily on input line 22161.
LaTeX Info: Redefining \sffamily on input line 22161.
LaTeX Info: Redefining \ttfamily on input line 22161.
 [250]
LaTeX Info: Redefining \rmfamily on input line 22232.
LaTeX Info: Redefining \sffamily on input line 22232.
LaTeX Info: Redefining \ttfamily on input line 22232.
 [251]
LaTeX Info: Redefining \rmfamily on input line 22307.
LaTeX Info: Redefining \sffamily on input line 22307.
LaTeX Info: Redefining \ttfamily on input line 22307.
 [252]

LaTeX Warning: Hyper reference `polimi/fluidmechanics-ita/template/capitoli/10_
turbolenza/rans_energy:fluid-mechanics-turbulence-rans-energy-turbulence-in-equ
ilibrium' on page 253 undefined on input line 22308.

! Missing delimiter (. inserted).
<to be read again> 
                   {
l.22322 ...ely \(N \sim \left\frac{L}{\ell_{\tau}}
                                                  \right)^3 = \text{Re}^{\fr...

? 
LaTeX Info: Redefining \rmfamily on input line 22386.
LaTeX Info: Redefining \sffamily on input line 22386.
LaTeX Info: Redefining \ttfamily on input line 22386.
[253]
LaTeX Info: Redefining \rmfamily on input line 22450.
LaTeX Info: Redefining \sffamily on input line 22450.
LaTeX Info: Redefining \ttfamily on input line 22450.
 [254]
LaTeX Info: Redefining \rmfamily on input line 22508.
LaTeX Info: Redefining \sffamily on input line 22508.
LaTeX Info: Redefining \ttfamily on input line 22508.
 [255]
LaTeX Info: Redefining \rmfamily on input line 22632.
LaTeX Info: Redefining \sffamily on input line 22632.
LaTeX Info: Redefining \ttfamily on input line 22632.
 [256] [257

] [258]
Capitolo 11.

LaTeX Warning: Hyper reference `ch/compressible/governing-equations:compressibl
e-governing-equations-navier-stokes' on page 259 undefined on input line 22642.



LaTeX Warning: Hyper reference `ch/compressible/governing-equations:compressibl
e-governing-equations-euler' on page 259 undefined on input line 22642.


LaTeX Warning: Hyper reference `ch/compressible/shock-normal:compressible-shock
s-normal' on page 259 undefined on input line 22642.


LaTeX Warning: Hyper reference `ch/compressible/shock-oblique:compressible-shoc
ks-oblique' on page 259 undefined on input line 22642.


LaTeX Warning: Hyper reference `ch/compressible/jump-conditions:compressible-ju
mp-conditions' on page 259 undefined on input line 22642.


LaTeX Warning: Hyper reference `ch/compressible/governing-equations:compressibl
e-governing-equations-ideal' on page 259 undefined on input line 22646.


LaTeX Warning: Hyper reference `ch/compressible/entropy:compressible-entropy' o
n page 259 undefined on input line 22646.


LaTeX Warning: Hyper reference `ch/compressible/potential-equation:compressible
-irrotational-potential-equation' on page 259 undefined on input line 22650.


LaTeX Warning: Hyper reference `ch/compressible/vorticity:compressible-vorticit
y' on page 259 undefined on input line 22650.


LaTeX Warning: Hyper reference `ch/compressible/acoustics:compressible-acoustic
s' on page 259 undefined on input line 22654.


LaTeX Warning: Hyper reference `ch/compressible/jump-conditions:compressible-ju
mp-conditions' on page 259 undefined on input line 22659.


LaTeX Warning: Hyper reference `ch/compressible/vorticity:compressible-vorticit
y' on page 259 undefined on input line 22667.


LaTeX Warning: Hyper reference `ch/compressible/entropy:compressible-entropy' o
n page 259 undefined on input line 22671.


LaTeX Warning: Hyper reference `ch/compressible/bernoulli:compressible-bernoull
i' on page 259 undefined on input line 22675.

[259

]

LaTeX Warning: Hyper reference `ch/compressible/potential-equation:compressible
-irrotational-potential-equation-homoentropic-linearized-steady' on page 260 un
defined on input line 22722.


LaTeX Warning: Hyper reference `ch/compressible/quasi-1d:compressible-quasi-1d'
 on page 260 undefined on input line 22750.


LaTeX Warning: Hyper reference `ch/compressible/quasi-1d-non-ideal:compressible
-quasi-1d-non-ideal' on page 260 undefined on input line 22754.


LaTeX Warning: Hyper reference `ch/compressible/shock-normal:compressible-shock
s-normal' on page 260 undefined on input line 22762.


LaTeX Warning: Hyper reference `ch/compressible/shock-oblique:compressible-shoc
ks-oblique' on page 260 undefined on input line 22762.


LaTeX Warning: Hyper reference `ch/compressible/prandtl-meyer:compressible-pran
dtl-meyer' on page 260 undefined on input line 22766.

LaTeX Info: Redefining \rmfamily on input line 22775.
LaTeX Info: Redefining \sffamily on input line 22775.
LaTeX Info: Redefining \ttfamily on input line 22775.
[260]
LaTeX Info: Redefining \rmfamily on input line 22784.
LaTeX Info: Redefining \sffamily on input line 22784.
LaTeX Info: Redefining \ttfamily on input line 22784.
 [261]
LaTeX Info: Redefining \rmfamily on input line 22784.
LaTeX Info: Redefining \sffamily on input line 22784.
LaTeX Info: Redefining \ttfamily on input line 22784.
 [262

]
Capitolo 12.
[263]
LaTeX Info: Redefining \rmfamily on input line 22879.
LaTeX Info: Redefining \sffamily on input line 22879.
LaTeX Info: Redefining \ttfamily on input line 22879.
 [264]

LaTeX Warning: Hyper reference `ch/compressible/entropy:compressible-entropy' o
n page 265 undefined on input line 22882.


LaTeX Warning: Hyper reference `ch/compressible/potential-equation:compressible
-irrotational-potential-equation' on page 265 undefined on input line 22888.


LaTeX Warning: Hyper reference `ch/compressible/vorticity:compressible-vorticit
y' on page 265 undefined on input line 22888.

LaTeX Info: Redefining \rmfamily on input line 22893.
LaTeX Info: Redefining \sffamily on input line 22893.
LaTeX Info: Redefining \ttfamily on input line 22893.
[265]
LaTeX Info: Redefining \rmfamily on input line 22893.
LaTeX Info: Redefining \sffamily on input line 22893.
LaTeX Info: Redefining \ttfamily on input line 22893.
 [266

]
Capitolo 13.

LaTeX Warning: Hyper reference `ch/compressible/pig:compressible-pig' on page 2
67 undefined on input line 22897.


LaTeX Warning: Hyper reference `ch/compressible/vdw:compressible-vdw' on page 2
67 undefined on input line 22901.

[267]
LaTeX Info: Redefining \rmfamily on input line 23019.
LaTeX Info: Redefining \sffamily on input line 23019.
LaTeX Info: Redefining \ttfamily on input line 23019.
 [268]
LaTeX Info: Redefining \rmfamily on input line 23042.
LaTeX Info: Redefining \sffamily on input line 23042.
LaTeX Info: Redefining \ttfamily on input line 23042.
 [269]
LaTeX Info: Redefining \rmfamily on input line 23042.
LaTeX Info: Redefining \sffamily on input line 23042.
LaTeX Info: Redefining \ttfamily on input line 23042.
 [270

]
Capitolo 14.
[271]
LaTeX Info: Redefining \rmfamily on input line 23151.
LaTeX Info: Redefining \sffamily on input line 23151.
LaTeX Info: Redefining \ttfamily on input line 23151.
 [272]
LaTeX Info: Redefining \rmfamily on input line 23163.
LaTeX Info: Redefining \sffamily on input line 23163.
LaTeX Info: Redefining \ttfamily on input line 23163.
 [273]
LaTeX Info: Redefining \rmfamily on input line 23163.
LaTeX Info: Redefining \sffamily on input line 23163.
LaTeX Info: Redefining \ttfamily on input line 23163.
 [274

]
Capitolo 15.
[275]
LaTeX Info: Redefining \rmfamily on input line 23235.
LaTeX Info: Redefining \sffamily on input line 23235.
LaTeX Info: Redefining \ttfamily on input line 23235.
 [276]
Capitolo 16.
[277

]
LaTeX Info: Redefining \rmfamily on input line 23363.
LaTeX Info: Redefining \sffamily on input line 23363.
LaTeX Info: Redefining \ttfamily on input line 23363.
 [278]
LaTeX Info: Redefining \rmfamily on input line 23370.
LaTeX Info: Redefining \sffamily on input line 23370.
LaTeX Info: Redefining \ttfamily on input line 23370.
 [279]
LaTeX Info: Redefining \rmfamily on input line 23370.
LaTeX Info: Redefining \sffamily on input line 23370.
LaTeX Info: Redefining \ttfamily on input line 23370.
 [280

]
Capitolo 17.
[281]
LaTeX Info: Redefining \rmfamily on input line 23387.
LaTeX Info: Redefining \sffamily on input line 23387.
LaTeX Info: Redefining \ttfamily on input line 23387.
 [282

]
Capitolo 18.
LaTeX Font Info:    Font shape `TU/latinmodern-math.otf(2)/b/n' will be
(Font)              scaled to size 8.00085pt on input line 23401.
LaTeX Font Info:    Font shape `TU/latinmodern-math.otf(2)/b/n' will be
(Font)              scaled to size 6.00064pt on input line 23401.
LaTeX Font Info:    Font shape `TU/latinmodern-math.otf(3)/b/n' will be
(Font)              scaled to size 7.99915pt on input line 23401.
LaTeX Font Info:    Font shape `TU/latinmodern-math.otf(3)/b/n' will be
(Font)              scaled to size 5.99936pt on input line 23401.
[283]
LaTeX Info: Redefining \rmfamily on input line 23495.
LaTeX Info: Redefining \sffamily on input line 23495.
LaTeX Info: Redefining \ttfamily on input line 23495.
 [284]
LaTeX Info: Redefining \rmfamily on input line 23559.
LaTeX Info: Redefining \sffamily on input line 23559.
LaTeX Info: Redefining \ttfamily on input line 23559.
 [285]
LaTeX Info: Redefining \rmfamily on input line 23635.
LaTeX Info: Redefining \sffamily on input line 23635.
LaTeX Info: Redefining \ttfamily on input line 23635.
 [286]
LaTeX Info: Redefining \rmfamily on input line 23688.
LaTeX Info: Redefining \sffamily on input line 23688.
LaTeX Info: Redefining \ttfamily on input line 23688.
 [287]
LaTeX Info: Redefining \rmfamily on input line 23688.
LaTeX Info: Redefining \sffamily on input line 23688.
LaTeX Info: Redefining \ttfamily on input line 23688.
 [288

]
Capitolo 19.

LaTeX Warning: Hyper reference `ch/compressible/quasi-1d:compressible-quasi-1d'
 on page 289 undefined on input line 23691.


LaTeX Warning: Hyper reference `ch/compressible/shock-normal:compressible-shock
s-normal' on page 289 undefined on input line 23711.


LaTeX Warning: Hyper reference `ch/compressible/shock-oblique:compressible-shoc
ks-oblique' on page 289 undefined on input line 23715.


LaTeX Warning: Hyper reference `ch/compressible/prandtl-meyer:compressible-pran
dtl-meyer' on page 289 undefined on input line 23719.

[289]
LaTeX Info: Redefining \rmfamily on input line 23822.
LaTeX Info: Redefining \sffamily on input line 23822.
LaTeX Info: Redefining \ttfamily on input line 23822.
 [290]
LaTeX Info: Redefining \rmfamily on input line 23908.
LaTeX Info: Redefining \sffamily on input line 23908.
LaTeX Info: Redefining \ttfamily on input line 23908.
 [291]
Overfull \hbox (45.54967pt too wide) detected at line 23968
[]
 []


Overfull \hbox (25.0pt too wide) detected at line 23968
[]
 []

LaTeX Info: Redefining \rmfamily on input line 23989.
LaTeX Info: Redefining \sffamily on input line 23989.
LaTeX Info: Redefining \ttfamily on input line 23989.
[292]
LaTeX Info: Redefining \rmfamily on input line 24075.
LaTeX Info: Redefining \sffamily on input line 24075.
LaTeX Info: Redefining \ttfamily on input line 24075.
 [293]

LaTeX Warning: Hyper reference `polimi/fluidmechanics-ita/template/capitoli/07_
similitudine/07teoria:fluid-mechanics-similitude' on page 294 undefined on inpu
t line 24108.


LaTeX Warning: Hyper reference `polimi/fluidmechanics-ita/template/capitoli/07_
similitudine/0706in:fluid-mechanics-similitude-moody' on page 294 undefined on 
input line 24108.

LaTeX Info: Redefining \rmfamily on input line 24136.
LaTeX Info: Redefining \sffamily on input line 24136.
LaTeX Info: Redefining \ttfamily on input line 24136.
[294]

LaTeX Warning: Hyper reference `ch/compressible/jump-conditions:compressible-ju
mp-conditions' on page 295 undefined on input line 24185.

LaTeX Info: Redefining \rmfamily on input line 24215.
LaTeX Info: Redefining \sffamily on input line 24215.
LaTeX Info: Redefining \ttfamily on input line 24215.
[295]

Package hyperref Warning: Token not allowed in a PDF string (Unicode):
(hyperref)                removing `math shift' on input line 24215.


Package hyperref Warning: Token not allowed in a PDF string (Unicode):
(hyperref)                removing `subscript' on input line 24215.


Package hyperref Warning: Token not allowed in a PDF string (Unicode):
(hyperref)                removing `math shift' on input line 24215.


Package hyperref Warning: Token not allowed in a PDF string (Unicode):
(hyperref)                removing `subscript' on input line 24215.

LaTeX Info: Redefining \rmfamily on input line 24371.
LaTeX Info: Redefining \sffamily on input line 24371.
LaTeX Info: Redefining \ttfamily on input line 24371.
[296]

Package hyperref Warning: Token not allowed in a PDF string (Unicode):
(hyperref)                removing `math shift' on input line 24390.


Package hyperref Warning: Token not allowed in a PDF string (Unicode):
(hyperref)                removing `subscript' on input line 24390.


Package hyperref Warning: Token not allowed in a PDF string (Unicode):
(hyperref)                removing `math shift' on input line 24390.


Package hyperref Warning: Token not allowed in a PDF string (Unicode):
(hyperref)                removing `subscript' on input line 24390.

LaTeX Info: Redefining \rmfamily on input line 24413.
LaTeX Info: Redefining \sffamily on input line 24413.
LaTeX Info: Redefining \ttfamily on input line 24413.
[297]
LaTeX Info: Redefining \rmfamily on input line 24478.
LaTeX Info: Redefining \sffamily on input line 24478.
LaTeX Info: Redefining \ttfamily on input line 24478.
 [298]

Package hyperref Warning: Token not allowed in a PDF string (Unicode):
(hyperref)                removing `math shift' on input line 24493.


Package hyperref Warning: Token not allowed in a PDF string (Unicode):
(hyperref)                removing `subscript' on input line 24493.

LaTeX Info: Redefining \rmfamily on input line 24614.
LaTeX Info: Redefining \sffamily on input line 24614.
LaTeX Info: Redefining \ttfamily on input line 24614.
[299]
LaTeX Info: Redefining \rmfamily on input line 24677.
LaTeX Info: Redefining \sffamily on input line 24677.
LaTeX Info: Redefining \ttfamily on input line 24677.
 [300]

LaTeX Warning: Hyper reference `ch/compressible/jump-conditions:compressible-ju
mp-conditions' on page 301 undefined on input line 24686.


Package hyperref Warning: Token not allowed in a PDF string (Unicode):
(hyperref)                removing `math shift' on input line 24708.


Package hyperref Warning: Token not allowed in a PDF string (Unicode):
(hyperref)                removing `math shift' on input line 24708.


Package hyperref Warning: Token not allowed in a PDF string (Unicode):
(hyperref)                removing `math shift' on input line 24708.


Package hyperref Warning: Token not allowed in a PDF string (Unicode):
(hyperref)                removing `math shift' on input line 24716.


Package hyperref Warning: Token not allowed in a PDF string (Unicode):
(hyperref)                removing `math shift' on input line 24716.


Package hyperref Warning: Token not allowed in a PDF string (Unicode):
(hyperref)                removing `math shift' on input line 24716.

LaTeX Info: Redefining \rmfamily on input line 24802.
LaTeX Info: Redefining \sffamily on input line 24802.
LaTeX Info: Redefining \ttfamily on input line 24802.
[301]

LaTeX Warning: Hyper reference `ch/compressible/entropy:compressible-entropy' o
n page 302 undefined on input line 24864.


LaTeX Warning: Hyper reference `ch/compressible/vorticity:compressible-vorticit
y' on page 302 undefined on input line 24875.

LaTeX Info: Redefining \rmfamily on input line 24898.
LaTeX Info: Redefining \sffamily on input line 24898.
LaTeX Info: Redefining \ttfamily on input line 24898.
[302]
LaTeX Info: Redefining \rmfamily on input line 24958.
LaTeX Info: Redefining \sffamily on input line 24958.
LaTeX Info: Redefining \ttfamily on input line 24958.
 [303]
LaTeX Info: Redefining \rmfamily on input line 25018.
LaTeX Info: Redefining \sffamily on input line 25018.
LaTeX Info: Redefining \ttfamily on input line 25018.
 [304]
LaTeX Info: Redefining \rmfamily on input line 25076.
LaTeX Info: Redefining \sffamily on input line 25076.
LaTeX Info: Redefining \ttfamily on input line 25076.
 [305]
LaTeX Info: Redefining \rmfamily on input line 25136.
LaTeX Info: Redefining \sffamily on input line 25136.
LaTeX Info: Redefining \ttfamily on input line 25136.
 [306]
LaTeX Info: Redefining \rmfamily on input line 25171.
LaTeX Info: Redefining \sffamily on input line 25171.
LaTeX Info: Redefining \ttfamily on input line 25171.
 [307]
LaTeX Info: Redefining \rmfamily on input line 25171.
LaTeX Info: Redefining \sffamily on input line 25171.
LaTeX Info: Redefining \ttfamily on input line 25171.
 [308

]
Capitolo 20.

LaTeX Warning: Hyper reference `ch/compressible/riemann-problem-psys:compressib
le-riemann-problem-psys' on page 309 undefined on input line 25177.


LaTeX Warning: Hyper reference `ch/compressible/riemann-problem-euler:compressi
ble-riemann-problem-euler' on page 309 undefined on input line 25180.

! Missing delimiter (. inserted).
<to be read again> 
                   }
l.25226 ...{\rho_A}{\rho_B}} \right)\ .\end{split}
                                                  
? 
! Extra }, or forgotten \right.
<recently read> }
                 
l.25226 ...{\rho_A}{\rho_B}} \right)\ .\end{split}
                                                  
? 
! Missing } inserted.
<inserted text> 
                }
l.25226 ...{\rho_A}{\rho_B}} \right)\ .\end{split}
                                                  
? 
! Missing delimiter (. inserted).
<to be read again> 
                   }
l.25226 ...{\rho_A}{\rho_B}} \right)\ .\end{split}
                                                  
? 
! Extra }, or forgotten \right.
<recently read> }
                 
l.25226 ...{\rho_A}{\rho_B}} \right)\ .\end{split}
                                                  
? 
! Missing } inserted.
<inserted text> 
                }
l.25226 ...{\rho_A}{\rho_B}} \right)\ .\end{split}
                                                  
? 
[309]
LaTeX Info: Redefining \rmfamily on input line 25319.
LaTeX Info: Redefining \sffamily on input line 25319.
LaTeX Info: Redefining \ttfamily on input line 25319.
 [310]
LaTeX Info: Redefining \rmfamily on input line 25384.
LaTeX Info: Redefining \sffamily on input line 25384.
LaTeX Info: Redefining \ttfamily on input line 25384.
 [311]
LaTeX Info: Redefining \rmfamily on input line 25448.
LaTeX Info: Redefining \sffamily on input line 25448.
LaTeX Info: Redefining \ttfamily on input line 25448.
 [312]
LaTeX Info: Redefining \rmfamily on input line 25502.
LaTeX Info: Redefining \sffamily on input line 25502.
LaTeX Info: Redefining \ttfamily on input line 25502.
 [313]
LaTeX Info: Redefining \rmfamily on input line 25507.
LaTeX Info: Redefining \sffamily on input line 25507.
LaTeX Info: Redefining \ttfamily on input line 25507.
 [314]
Capitolo 21.

Overfull \hbox (0.69171pt too wide) detected at line 25554
[]
 []

[315

]
LaTeX Info: Redefining \rmfamily on input line 25598.
LaTeX Info: Redefining \sffamily on input line 25598.
LaTeX Info: Redefining \ttfamily on input line 25598.
 [316]
Capitolo 22.
[317

]
LaTeX Info: Redefining \rmfamily on input line 25627.
LaTeX Info: Redefining \sffamily on input line 25627.
LaTeX Info: Redefining \ttfamily on input line 25627.
 [318

]
Capitolo 23.
[319]
LaTeX Info: Redefining \rmfamily on input line 25759.
LaTeX Info: Redefining \sffamily on input line 25759.
LaTeX Info: Redefining \ttfamily on input line 25759.
 [320]
LaTeX Info: Redefining \rmfamily on input line 25841.
LaTeX Info: Redefining \sffamily on input line 25841.
LaTeX Info: Redefining \ttfamily on input line 25841.
 [321]
LaTeX Info: Redefining \rmfamily on input line 25852.
LaTeX Info: Redefining \sffamily on input line 25852.
LaTeX Info: Redefining \ttfamily on input line 25852.
 [322]

LaTeX Warning: Reference `ch/compressible/pig:example-0' on page 323 undefined 
on input line 25855.


LaTeX Warning: Reference `ch/compressible/prandtl-meyer:example-1' on page 323 
undefined on input line 25858.


LaTeX Warning: Reference `polimi/fluidmechanics-ita/template/capitoli/08_aerodi
namica/theorems:theorem-0' on page 323 undefined on input line 25861.


Underfull \hbox (badness 10000) in paragraph at lines 25861--25862
[]\TU/FreeMono(0)/m/n/10 theorem-0 \TU/FreeSerif(0)/m/n/10 (\TU/FreeSerif(0)/m/
it/10 polimi/fluidmechanics-
 []


Overfull \hbox (0.9125pt too wide) in paragraph at lines 25861--25862
\TU/FreeSerif(0)/m/it/10 ita/template/capitoli/08_aerodinamica/theorems\TU/Free
Serif(0)/m/n/10 ),
 []


LaTeX Warning: Reference `polimi/fluidmechanics-ita/template/capitoli/08_aerodi
namica/theorems:theorem-1' on page 323 undefined on input line 25864.


Underfull \hbox (badness 10000) in paragraph at lines 25864--25865
[]\TU/FreeMono(0)/m/n/10 theorem-1 \TU/FreeSerif(0)/m/n/10 (\TU/FreeSerif(0)/m/
it/10 polimi/fluidmechanics-
 []


Overfull \hbox (0.9125pt too wide) in paragraph at lines 25864--25865
\TU/FreeSerif(0)/m/it/10 ita/template/capitoli/08_aerodinamica/theorems\TU/Free
Serif(0)/m/n/10 ),
 []


LaTeX Warning: Reference `polimi/fluidmechanics-ita/template/capitoli/08_aerodi
namica/theorems:theorem-2' on page 323 undefined on input line 25867.


Underfull \hbox (badness 10000) in paragraph at lines 25867--25868
[]\TU/FreeMono(0)/m/n/10 theorem-2 \TU/FreeSerif(0)/m/n/10 (\TU/FreeSerif(0)/m/
it/10 polimi/fluidmechanics-
 []


Overfull \hbox (0.9125pt too wide) in paragraph at lines 25867--25868
\TU/FreeSerif(0)/m/it/10 ita/template/capitoli/08_aerodinamica/theorems\TU/Free
Serif(0)/m/n/10 ),
 []

[323



]
No file book.ind.
The property list \polyglossia@langsetup contains the pairs (without outer
braces):
>  {latex/script}  =>  {latin}
>  {latex/lcscript}  =>  {latin}
>  {latex/scripttag}  =>  {}
>  {latex/language}  =>  {Latex}
>  {latex/langtag}  =>  {ENG}
>  {latex/bcp47}  =>  {}
>  {latex/hyphennames}  =>  {english}
>  {latex/direction}  =>  {LR}
>  {latex/hyphenmins}  =>  {2,3}
>  {latex/frenchspacing}  =>  {false}
>  {latex/indentfirst}  =>  {false}
>  {latex/fontsetup}  =>  {true}
>  {latex/envname}  =>  {latex}
>  {latex/babelname}  =>  {latex}
>  {latex/localnumeral}  =>  {polyglossia@C@localnumeral}
>  {latex/Localnumeral}  =>  {polyglossia@C@localnumeral}
>  {italian/script}  =>  {latin}
>  {italian/lcscript}  =>  {latin}
>  {italian/scripttag}  =>  {}
>  {italian/language}  =>  {Italian}
>  {italian/langtag}  =>  {ITA}
>  {italian/bcp47}  =>  {it}
>  {italian/hyphennames}  =>  {italian}
>  {italian/direction}  =>  {LR}
>  {italian/hyphenmins}  =>  {2,2}
>  {italian/frenchspacing}  =>  {true}
>  {italian/indentfirst}  =>  {true}
>  {italian/fontsetup}  =>  {true}
>  {italian/envname}  =>  {italian}
>  {italian/babelname}  =>  {italian}
>  {italian/localnumeral}  =>  {polyglossia@C@localnumeral}
>  {italian/Localnumeral}  =>  {polyglossia@C@localnumeral}.
Package atveryend Info: Empty hook `BeforeClearDocument' on input line 25872.
Package atveryend Info: Empty hook `AfterLastShipout' on input line 25872.
(./book.aux
LaTeX Info: Redefining \rmfamily on input line 20.
LaTeX Info: Redefining \sffamily on input line 20.
LaTeX Info: Redefining \ttfamily on input line 20.
)
Package atveryend Info: Empty hook `AtVeryEndDocument' on input line 25872.
Package atveryend Info: Executing hook `AtEndAfterFileList' on input line 25872
.


Package rerunfilecheck Warning: File `book.out' has changed.
(rerunfilecheck)                Rerun to get outlines right
(rerunfilecheck)                or use package `bookmark'.

Package rerunfilecheck Info: Checksums for `book.out':
(rerunfilecheck)             Before: <no file>
(rerunfilecheck)             After:  414A03DFBBFEC1E8278A09CACC9FFDA9;24691.

LaTeX Warning: There were undefined references.


LaTeX Warning: Label(s) may have changed. Rerun to get cross-references right.

 ) 
Here is how much of TeX's memory you used:
 43289 strings out of 481789
 1013678 string characters out of 5937152
 1887705 words of memory out of 5000000
 59349 multiletter control sequences out of 15000+600000
 543897 words of font info for 159 fonts, out of 8000000 for 9000
 15 hyphenation exceptions out of 8191
 71i,28n,109p,1417b,2284s stack positions out of 5000i,500n,10000p,200000b,80000s

Output written on book.pdf (327 pages).
